OpCatID,WATERBODY_ID
3379,GB102021072830
3379,GB102021072840
3379,GB102021072860
3379,GB102021072870
3379,GB102021072880
3379,GB102021072890
3379,GB102021072900
3379,GB102021072910
3379,GB102021072930
3379,GB102021072940
3379,GB102021072950
3379,GB102021072960
3379,GB102021072970
3379,GB102021072980
3379,GB102021072990
3380,GB102021073010
3379,GB102021073041
3379,GB102021073042
3379,GB102021073050
3380,GB102021073060
3380,GB102021073070
3519,GB102075073380
3519,GB102075073390
3519,GB102075073410
3519,GB102075073440
3519,GB102075073450
3519,GB102075073460
3519,GB102075073470
3519,GB102075073480
3519,GB102075073490
3519,GB102075073510
3155,GB102076070560
3155,GB102076070580
3166,GB102076070590
3166,GB102076070600
3166,GB102076070610
3166,GB102076070620
3166,GB102076070630
3166,GB102076070640
3166,GB102076070650
3166,GB102076070660
3155,GB102076070670
3155,GB102076070680
3155,GB102076070690
3155,GB102076070700
3166,GB102076070710
3155,GB102076070720
3166,GB102076070730
3155,GB102076070740
3166,GB102076070750
3166,GB102076070760
3166,GB102076070770
3166,GB102076070790
3166,GB102076070820
3166,GB102076070830
3166,GB102076070840
3166,GB102076070850
3166,GB102076070860
3166,GB102076070880
3155,GB102076070890
3166,GB102076070900
3166,GB102076070910
3166,GB102076070930
3155,GB102076070940
3166,GB102076070950
3166,GB102076070960
3155,GB102076070970
3166,GB102076070980
3155,GB102076070990
3166,GB102076071000
3155,GB102076071010
3155,GB102076071020
3155,GB102076071021
3063,GB102076073710
3063,GB102076073720
3063,GB102076073730
3063,GB102076073740
3063,GB102076073750
3063,GB102076073760
3063,GB102076073770
3063,GB102076073780
3166,GB102076073790
3165,GB102076073800
3165,GB102076073810
3165,GB102076073820
3165,GB102076073830
3165,GB102076073840
3165,GB102076073850
3165,GB102076073860
3165,GB102076073870
3063,GB102076073880
3165,GB102076073900
3165,GB102076073910
3165,GB102076073940
3165,GB102076073950
3165,GB102076073970
3178,GB102076073981
3178,GB102076073982
3360,GB102076073991
3360,GB102076073992
3360,GB102076074000
3178,GB102076074010
3178,GB102076074020
3360,GB102076074030
3178,GB102076074040
3178,GB102076074050
3178,GB102076074060
3178,GB102076074070
3178,GB102076074080
3178,GB102076074090
3178,GB102076074100
3178,GB102076074110
3178,GB102077074150
3178,GB102077074160
3178,GB102077074170
3178,GB102077074180
3178,GB102077074190
3178,GB102077074210
3178,GB102077074220
3178,GB102077074230
3178,GB102077074240
3178,GB102077074250
3178,GB102077074260
3178,GB102077074270
3178,GB102077074280
3178,GB102077074290
3030,GB103021073221
3030,GB103021073222
3030,GB103021073230
3030,GB103021073240
3030,GB103021073260
3036,GB103022076180
3036,GB103022076190
3036,GB103022076220
3036,GB103022076230
3006,GB103022076250
3006,GB103022076260
3006,GB103022076270
3006,GB103022076280
3006,GB103022076290
3006,GB103022076310
3006,GB103022076340
3006,GB103022076350
3030,GB103022076360
3030,GB103022076370
3006,GB103022076380
3006,GB103022076390
3030,GB103022076400
3030,GB103022076411
3030,GB103022076430
3030,GB103022076460
3030,GB103022076470
3030,GB103022076480
3030,GB103022076490
3105,GB103022076500
3515,GB103022076510
3294,GB103022076521
3105,GB103022076540
3105,GB103022076550
3107,GB103022076560
3107,GB103022076590
3107,GB103022076601
3105,GB103022076640
3107,GB103022076650
3105,GB103022076660
3107,GB103022076670
3107,GB103022076680
3107,GB103022076691
3105,GB103022076692
3105,GB103022076693
3107,GB103022076700
3105,GB103022076710
3105,GB103022076720
3107,GB103022076750
3107,GB103022076760
3107,GB103022076770
3107,GB103022076780
3107,GB103022076790
3294,GB103022076820
3366,GB103022076830
3366,GB103022076840
3366,GB103022076850
3366,GB103022076860
3366,GB103022076870
3366,GB103022076880
3366,GB103022076890
3366,GB103022076900
3366,GB103022076911
3366,GB103022076930
3366,GB103022076940
3515,GB103022076960
3515,GB103022076970
3515,GB103022076980
3515,GB103022076990
3515,GB103022077010
3515,GB103022077020
3515,GB103022077030
3515,GB103022077040
3366,GB103022077051
3036,GB103022077052
3515,GB103022077061
3515,GB103022077062
3030,GB103022077070
3030,GB103022077080
3005,GB103023074670
3005,GB103023074680
3005,GB103023074690
3005,GB103023074700
3005,GB103023074710
3005,GB103023074720
3136,GB103023074730
3136,GB103023074740
3136,GB103023074750
3136,GB103023074760
3136,GB103023074770
3136,GB103023074780
3136,GB103023074790
3478,GB103023074791
3333,GB103023074800
3333,GB103023074820
3333,GB103023074830
3333,GB103023074840
3333,GB103023074850
3333,GB103023074860
3333,GB103023074870
3333,GB103023074880
3333,GB103023074890
3333,GB103023074900
3333,GB103023074910
3333,GB103023074920
3334,GB103023074930
3334,GB103023074940
3334,GB103023074950
3334,GB103023074960
3334,GB103023074970
3334,GB103023074991
3372,GB103023075000
3334,GB103023075011
3334,GB103023075020
3372,GB103023075060
3334,GB103023075070
3334,GB103023075081
3334,GB103023075091
3372,GB103023075100
3334,GB103023075110
3334,GB103023075120
3372,GB103023075130
3372,GB103023075140
3334,GB103023075150
3334,GB103023075170
3372,GB103023075190
3334,GB103023075200
3334,GB103023075220
3372,GB103023075230
3372,GB103023075240
3334,GB103023075250
3372,GB103023075261
3372,GB103023075270
3334,GB103023075290
3372,GB103023075300
3334,GB103023075310
3372,GB103023075320
3372,GB103023075330
3372,GB103023075340
3372,GB103023075350
3418,GB103023075360
3418,GB103023075370
3418,GB103023075380
3418,GB103023075390
3418,GB103023075400
3418,GB103023075410
3418,GB103023075420
3418,GB103023075430
3418,GB103023075440
3418,GB103023075450
3418,GB103023075460
3418,GB103023075470
3418,GB103023075481
3418,GB103023075500
3418,GB103023075510
3417,GB103023075520
3418,GB103023075531
3417,GB103023075532
3417,GB103023075540
3417,GB103023075550
3417,GB103023075560
3417,GB103023075570
3417,GB103023075580
3480,GB103023075591
3480,GB103023075600
3480,GB103023075631
3480,GB103023075640
3480,GB103023075650
3480,GB103023075660
3478,GB103023075670
3478,GB103023075690
3480,GB103023075700
3417,GB103023075710
3480,GB103023075720
3480,GB103023075730
3478,GB103023075740
3478,GB103023075760
3480,GB103023075770
3478,GB103023075780
3480,GB103023075790
3480,GB103023075801
3333,GB103023075802
3197,GB103024072680
3197,GB103024072690
3522,GB103024072700
3522,GB103024072711
3522,GB103024072720
3197,GB103024072730
3522,GB103024072740
3522,GB103024072770
3052,GB103024077270
3052,GB103024077280
3052,GB103024077290
3052,GB103024077300
3052,GB103024077310
3052,GB103024077320
3052,GB103024077330
3522,GB103024077340
3520,GB103024077350
3523,GB103024077360
3523,GB103024077370
3523,GB103024077380
3522,GB103024077390
3520,GB103024077410
3520,GB103024077420
3523,GB103024077430
3523,GB103024077440
3523,GB103024077441
3522,GB103024077450
3523,GB103024077461
3522,GB103024077462
3522,GB103024077463
3520,GB103024077464
3520,GB103024077470
3523,GB103024077480
3520,GB103024077490
3523,GB103024077500
3523,GB103024077510
3523,GB103024077520
3523,GB103024077530
3520,GB103024077540
3052,GB103024077551
3052,GB103024077552
3520,GB103024077560
3520,GB103024077570
3520,GB103024077580
3520,GB103024077590
3520,GB103024077600
3520,GB103024077621
3520,GB103024077622
3520,GB103024077623
3520,GB103024077624
3520,GB103024077630
3520,GB103024077640
3252,GB103025071850
3252,GB103025071860
3252,GB103025071870
3252,GB103025071880
3252,GB103025071890
3388,GB103025071900
3252,GB103025071910
3388,GB103025071920
3388,GB103025071940
3388,GB103025071950
3388,GB103025071960
3388,GB103025071970
3445,GB103025072030
3447,GB103025072040
3445,GB103025072050
3447,GB103025072060
3447,GB103025072070
3447,GB103025072080
3447,GB103025072090
3447,GB103025072100
3447,GB103025072110
3447,GB103025072120
3447,GB103025072130
3447,GB103025072140
3447,GB103025072150
3445,GB103025072160
3447,GB103025072170
3445,GB103025072180
3447,GB103025072190
3447,GB103025072200
3445,GB103025072210
3447,GB103025072220
3448,GB103025072230
3448,GB103025072240
3448,GB103025072250
3406,GB103025072260
3447,GB103025072270
3445,GB103025072280
3406,GB103025072290
3447,GB103025072300
3447,GB103025072310
3445,GB103025072320
3448,GB103025072330
3448,GB103025072340
3448,GB103025072351
3448,GB103025072352
3445,GB103025072360
3406,GB103025072370
3445,GB103025072380
3406,GB103025072391
3406,GB103025072400
3445,GB103025072410
3445,GB103025072420
3406,GB103025072430
3448,GB103025072440
3406,GB103025072450
3445,GB103025072460
3448,GB103025072471
3448,GB103025072480
3448,GB103025072490
3448,GB103025072500
3448,GB103025072511
3447,GB103025072512
3406,GB103025072520
3448,GB103025072530
3445,GB103025072540
3445,GB103025072550
3447,GB103025072560
3445,GB103025072595
3406,GB103025072596
3445,GB103025075880
3394,GB103025075910
3394,GB103025075930
3394,GB103025075950
3394,GB103025075970
3445,GB103025076010
3445,GB103025076030
3448,GB103025076050
3406,GB103025076070
3448,GB103025076080
3057,GB104026066510
3057,GB104026066530
3057,GB104026066570
3057,GB104026066590
3057,GB104026066600
3057,GB104026066610
3025,GB104026066620
3025,GB104026066630
3025,GB104026066640
3025,GB104026066650
3191,GB104026066660
3191,GB104026066670
3191,GB104026066680
3191,GB104026066690
3191,GB104026066720
3274,GB104026066750
3274,GB104026066790
3274,GB104026066800
3274,GB104026066820
3274,GB104026066841
3274,GB104026066860
3274,GB104026066890
3274,GB104026066901
3274,GB104026066910
3274,GB104026066941
3274,GB104026066950
3274,GB104026066960
3274,GB104026066970
3274,GB104026066980
3492,GB104026066990
3492,GB104026067000
3492,GB104026067010
3492,GB104026067021
3492,GB104026067031
3492,GB104026067040
3492,GB104026067041
3492,GB104026067080
3492,GB104026067090
3492,GB104026067101
3492,GB104026067130
3057,GB104026067200
3274,GB104026067211
3274,GB104026067212
3057,GB104026067230
3214,GB104026072780
3214,GB104026072790
3025,GB104026077770
3025,GB104026077780
3385,GB104027052280
3385,GB104027057290
3385,GB104027057301
3385,GB104027057310
3385,GB104027057320
3490,GB104027057340
3312,GB104027057360
3490,GB104027057370
3490,GB104027057380
3490,GB104027057390
3490,GB104027057400
3490,GB104027057411
3312,GB104027057412
3312,GB104027057413
3312,GB104027057420
3312,GB104027057430
3312,GB104027057440
3312,GB104027057452
3490,GB104027057460
3125,GB104027057470
3125,GB104027057480
3490,GB104027057490
3490,GB104027057500
3125,GB104027057510
3125,GB104027057520
3490,GB104027057530
3272,GB104027057541
3125,GB104027057550
3125,GB104027057560
3272,GB104027057591
3097,GB104027057600
3097,GB104027057610
3385,GB104027057620
3385,GB104027057630
3385,GB104027057640
3385,GB104027057660
3385,GB104027057670
3385,GB104027057700
3385,GB104027057710
3385,GB104027057720
3385,GB104027057730
3385,GB104027057740
3312,GB104027057750
3312,GB104027057760
3385,GB104027057771
3385,GB104027057772
3385,GB104027057773
3268,GB104027062510
3310,GB104027062520
3268,GB104027062530
3310,GB104027062540
3097,GB104027062550
3268,GB104027062560
3310,GB104027062570
3310,GB104027062580
3268,GB104027062590
3487,GB104027062600
3310,GB104027062610
3268,GB104027062620
3268,GB104027062631
3268,GB104027062632
3310,GB104027062641
3310,GB104027062642
3487,GB104027062650
3487,GB104027062660
3268,GB104027062670
3265,GB104027062680
3487,GB104027062690
3310,GB104027062700
3268,GB104027062710
3310,GB104027062720
3487,GB104027062731
3265,GB104027062740
3265,GB104027062750
3265,GB104027062760
3310,GB104027062770
3310,GB104027062780
3265,GB104027062810
3487,GB104027062820
3265,GB104027062830
3487,GB104027062840
3487,GB104027062850
3307,GB104027062861
3307,GB104027062862
3307,GB104027062870
3265,GB104027062880
3307,GB104027062891
3265,GB104027062900
3265,GB104027062910
3265,GB104027062920
3484,GB104027062930
3307,GB104027062940
3307,GB104027062950
3484,GB104027062960
3484,GB104027062970
3484,GB104027062980
3484,GB104027062990
3484,GB104027063010
3484,GB104027063020
3265,GB104027063032
3484,GB104027063033
3307,GB104027063034
3484,GB104027063050
3484,GB104027063060
3484,GB104027063070
3484,GB104027063080
3484,GB104027063090
3484,GB104027063100
3484,GB104027063110
3484,GB104027063120
3484,GB104027063130
3272,GB104027063140
3125,GB104027063150
3125,GB104027063171
3125,GB104027063172
3125,GB104027063173
3125,GB104027063180
3097,GB104027063190
3272,GB104027063200
3125,GB104027063220
3125,GB104027063230
3272,GB104027063240
3097,GB104027063250
3125,GB104027063260
3272,GB104027063280
3272,GB104027063290
3097,GB104027063301
3125,GB104027063310
3272,GB104027063320
3097,GB104027063330
3097,GB104027063340
3272,GB104027063360
3272,GB104027063370
3272,GB104027063380
3272,GB104027063390
3272,GB104027063400
3272,GB104027063411
3271,GB104027063420
3271,GB104027063430
3271,GB104027063440
3271,GB104027063450
3271,GB104027063460
3271,GB104027063470
3271,GB104027063480
3271,GB104027063490
3190,GB104027063500
3311,GB104027063510
3190,GB104027063520
3190,GB104027063530
3190,GB104027063540
3311,GB104027063550
3190,GB104027063560
3311,GB104027063570
3311,GB104027063580
3097,GB104027063590
3280,GB104027063610
3280,GB104027063620
3271,GB104027063630
3280,GB104027063640
3280,GB104027063650
3280,GB104027063660
3280,GB104027063680
3280,GB104027063690
3308,GB104027063700
3280,GB104027063710
3499,GB104027063720
3499,GB104027063730
3308,GB104027063741
3308,GB104027063742
3308,GB104027063760
3308,GB104027063770
3499,GB104027063780
3499,GB104027063790
3309,GB104027063800
3497,GB104027063810
3499,GB104027063820
3499,GB104027063830
3499,GB104027063840
3308,GB104027063850
3499,GB104027063860
3499,GB104027063870
3497,GB104027063880
3497,GB104027063890
3499,GB104027063900
3499,GB104027063910
3499,GB104027063920
3287,GB104027063930
3287,GB104027063940
3287,GB104027063950
3318,GB104027063960
3318,GB104027063970
3287,GB104027063980
3318,GB104027063990
3499,GB104027064001
3287,GB104027064002
3318,GB104027064010
3318,GB104027064020
3318,GB104027064030
3318,GB104027064040
3318,GB104027064050
3318,GB104027064060
3318,GB104027064070
3318,GB104027064080
3507,GB104027064090
3309,GB104027064100
3309,GB104027064110
3507,GB104027064120
3309,GB104027064130
3309,GB104027064140
3507,GB104027064150
3309,GB104027064161
3309,GB104027064162
3507,GB104027064180
3507,GB104027064190
3307,GB104027064200
3307,GB104027064210
3307,GB104027064230
3312,GB104027064242
3272,GB104027064243
3312,GB104027064244
3507,GB104027064253
3318,GB104027064254
3287,GB104027064255
3287,GB104027064256
3318,GB104027064257
3318,GB104027064258
3272,GB104027064260
3280,GB104027064270
3280,GB104027064280
3311,GB104027067750
3190,GB104027067760
3489,GB104027067790
3489,GB104027067800
3489,GB104027067811
3489,GB104027067870
3489,GB104027067880
3489,GB104027067890
3489,GB104027067900
3489,GB104027067910
3489,GB104027067930
3489,GB104027067950
3489,GB104027067960
3489,GB104027067971
3489,GB104027067980
3489,GB104027067990
3177,GB104027068010
3177,GB104027068020
3177,GB104027068030
3489,GB104027068040
3177,GB104027068050
3177,GB104027068060
3177,GB104027068070
3177,GB104027068080
3177,GB104027068090
3177,GB104027068100
3177,GB104027068110
3177,GB104027068120
3177,GB104027068130
3177,GB104027068140
3177,GB104027068150
3177,GB104027068160
3177,GB104027068170
3387,GB104027068190
3387,GB104027068200
3387,GB104027068201
3387,GB104027068210
3387,GB104027068220
3387,GB104027068230
3387,GB104027068240
3387,GB104027068250
3387,GB104027068260
3499,GB104027068270
3387,GB104027068280
3308,GB104027068292
3497,GB104027068294
3497,GB104027068295
3308,GB104027068296
3308,GB104027068297
3308,GB104027068298
3497,GB104027068300
3271,GB104027068311
3311,GB104027068312
3311,GB104027068313
3387,GB104027068320
3387,GB104027068330
3387,GB104027068340
3387,GB104027068370
3497,GB104027068380
3387,GB104027068401
3387,GB104027068420
3387,GB104027068430
3387,GB104027068440
3387,GB104027068450
3489,GB104027068460
3387,GB104027068470
3387,GB104027068480
3387,GB104027068490
3387,GB104027068500
3387,GB104027068510
3387,GB104027068520
3387,GB104027068530
3387,GB104027068540
3387,GB104027068550
3387,GB104027068560
3387,GB104027068570
3387,GB104027068580
3387,GB104027068591
3387,GB104027068600
3381,GB104027068610
3387,GB104027068620
3387,GB104027068630
3387,GB104027068640
3390,GB104027068710
3390,GB104027068720
3390,GB104027068750
3390,GB104027068770
3283,GB104027068780
3283,GB104027068790
3317,GB104027068800
3283,GB104027068810
3283,GB104027068820
3541,GB104027068830
3317,GB104027068841
3317,GB104027068850
3283,GB104027068870
3283,GB104027068880
3283,GB104027068900
3317,GB104027068910
3317,GB104027068920
3317,GB104027068930
3317,GB104027068940
3283,GB104027068950
3317,GB104027068960
3317,GB104027068970
3503,GB104027068980
3317,GB104027068990
3317,GB104027069000
3283,GB104027069010
3317,GB104027069020
3503,GB104027069030
3503,GB104027069040
3503,GB104027069050
3317,GB104027069060
3503,GB104027069070
3503,GB104027069080
3503,GB104027069090
3503,GB104027069100
3503,GB104027069110
3503,GB104027069121
3317,GB104027069122
3503,GB104027069130
3503,GB104027069140
3503,GB104027069150
3317,GB104027069160
3503,GB104027069170
3317,GB104027069180
3309,GB104027069190
3309,GB104027069200
3309,GB104027069210
3507,GB104027069220
3507,GB104027069230
3507,GB104027069240
3507,GB104027069250
3309,GB104027069260
3309,GB104027069270
3507,GB104027069280
3507,GB104027069290
3309,GB104027069300
3309,GB104027069310
3507,GB104027069320
3505,GB104027069330
3505,GB104027069340
3505,GB104027069350
3505,GB104027069360
3505,GB104027069380
3505,GB104027069390
3505,GB104027069400
3505,GB104027069410
3505,GB104027069430
3541,GB104027069450
3309,GB104027069461
3505,GB104027069463
3505,GB104027069464
3505,GB104027069470
3505,GB104027069480
3505,GB104027069490
3505,GB104027069500
3505,GB104027069510
3505,GB104027069520
3541,GB104027069530
3541,GB104027069540
3541,GB104027069550
3541,GB104027069560
3283,GB104027069591
3309,GB104027069592
3499,GB104027069593
3489,GB104027073281
3038,GB104028042380
3038,GB104028042390
3038,GB104028042400
3396,GB104028042410
3437,GB104028042420
3396,GB104028042430
3396,GB104028042440
3396,GB104028042470
3396,GB104028042481
3437,GB104028042490
3437,GB104028042501
3437,GB104028042502
3437,GB104028042510
3437,GB104028042520
3437,GB104028042540
3437,GB104028042550
3407,GB104028042560
3038,GB104028042571
3038,GB104028042572
3407,GB104028042580
3407,GB104028042590
3438,GB104028042601
3407,GB104028042620
3437,GB104028042630
3437,GB104028042640
3396,GB104028046430
3437,GB104028046440
3437,GB104028046450
3396,GB104028046460
3437,GB104028046480
3035,GB104028046491
3035,GB104028046520
3143,GB104028046530
3143,GB104028046540
3303,GB104028046550
3303,GB104028046560
3303,GB104028046570
3303,GB104028046580
3303,GB104028046590
3407,GB104028046600
3407,GB104028046620
3407,GB104028046630
3396,GB104028046640
3407,GB104028046650
3396,GB104028046660
3356,GB104028046680
3396,GB104028046690
3396,GB104028046700
3407,GB104028046730
3356,GB104028046740
3396,GB104028046750
3356,GB104028046761
3420,GB104028046790
3407,GB104028046810
3437,GB104028046841
3437,GB104028046842
3437,GB104028046860
3407,GB104028046870
3407,GB104028046880
3437,GB104028046901
3407,GB104028046910
3407,GB104028046920
3438,GB104028046930
3407,GB104028046940
3438,GB104028046950
3407,GB104028046960
3407,GB104028046980
3438,GB104028046990
3437,GB104028047000
3407,GB104028047010
3407,GB104028047030
3437,GB104028047050
3407,GB104028047060
3407,GB104028047070
3407,GB104028047080
3407,GB104028047090
3407,GB104028047100
3407,GB104028047110
3356,GB104028047121
3356,GB104028047122
3420,GB104028047141
3407,GB104028047150
3407,GB104028047170
3472,GB104028047180
3420,GB104028047190
3407,GB104028047211
3407,GB104028047212
3420,GB104028047220
3416,GB104028047230
3416,GB104028047240
3471,GB104028047250
3471,GB104028047260
3471,GB104028047270
3471,GB104028047280
3471,GB104028047290
3471,GB104028047300
3472,GB104028047310
3474,GB104028047330
3474,GB104028047340
3474,GB104028047360
3471,GB104028047380
3474,GB104028047390
3471,GB104028047400
3407,GB104028047410
3474,GB104028047420
3546,GB104028047440
3546,GB104028047450
3546,GB104028047460
3546,GB104028047470
3546,GB104028047481
3546,GB104028047500
3546,GB104028047510
3546,GB104028047520
3546,GB104028047540
3546,GB104028047550
3546,GB104028047560
3546,GB104028047570
3546,GB104028047580
3546,GB104028047590
3546,GB104028047600
3546,GB104028047610
3035,GB104028052290
3135,GB104028052300
3135,GB104028052310
3135,GB104028052320
3135,GB104028052330
3135,GB104028052340
3135,GB104028052350
3135,GB104028052360
3135,GB104028052370
3135,GB104028052380
3137,GB104028052390
3143,GB104028052410
3143,GB104028052420
3134,GB104028052430
3143,GB104028052440
3143,GB104028052450
3143,GB104028052460
3143,GB104028052470
3174,GB104028052480
3416,GB104028052490
3416,GB104028052501
3174,GB104028052511
3174,GB104028052520
3416,GB104028052550
3174,GB104028052570
3144,GB104028052580
3174,GB104028052590
3135,GB104028052610
3174,GB104028052620
3416,GB104028052631
3416,GB104028052632
3416,GB104028052633
3080,GB104028052651
3080,GB104028052652
3144,GB104028052670
3080,GB104028052690
3144,GB104028052700
3080,GB104028052711
3135,GB104028052720
3080,GB104028052730
3174,GB104028052740
3144,GB104028052750
3137,GB104028052760
3080,GB104028052770
3080,GB104028052790
3080,GB104028052800
3137,GB104028052810
3080,GB104028052820
3134,GB104028052830
3134,GB104028052840
3134,GB104028052850
3341,GB104028052860
3143,GB104028052870
3341,GB104028052880
3341,GB104028052881
3144,GB104028052891
3144,GB104028052900
3229,GB104028052940
3229,GB104028052950
3229,GB104028052960
3229,GB104028052970
3229,GB104028052980
3420,GB104028052990
3420,GB104028053000
3420,GB104028053010
3416,GB104028053020
3416,GB104028053030
3416,GB104028053040
3420,GB104028053050
3416,GB104028053060
3416,GB104028053070
3420,GB104028053080
3143,GB104028053090
3143,GB104028053100
3341,GB104028053110
3341,GB104028053111
3341,GB104028053112
3474,GB104028053120
3474,GB104028053130
3474,GB104028053140
3416,GB104028053150
3470,GB104028053160
3474,GB104028053170
3416,GB104028053180
3474,GB104028053190
3416,GB104028053200
3474,GB104028053210
3470,GB104028053220
3416,GB104028053230
3134,GB104028053240
3341,GB104028053250
3341,GB104028053260
3470,GB104028053271
3470,GB104028053272
3470,GB104028053273
3470,GB104028053280
3415,GB104028053290
3470,GB104028053301
3470,GB104028053310
3415,GB104028053330
3470,GB104028053340
3415,GB104028053350
3470,GB104028053360
3415,GB104028053370
3470,GB104028053380
3415,GB104028053390
3470,GB104028053400
3415,GB104028053410
3415,GB104028053420
3473,GB104028053430
3473,GB104028053440
3137,GB104028053450
3137,GB104028053460
3144,GB104028057780
3137,GB104028057800
3137,GB104028057810
3137,GB104028057820
3137,GB104028057830
3473,GB104028057840
3137,GB104028057850
3137,GB104028057860
3137,GB104028057870
3137,GB104028057880
3137,GB104028057890
3137,GB104028057900
3137,GB104028057910
3137,GB104028057930
3137,GB104028057940
3137,GB104028057950
3137,GB104028057960
3473,GB104028057970
3473,GB104028057980
3473,GB104028057991
3473,GB104028058000
3229,GB104028058020
3229,GB104028058040
3229,GB104028058050
3229,GB104028058060
3229,GB104028058070
3229,GB104028058080
3229,GB104028058091
3229,GB104028058092
3229,GB104028058100
3229,GB104028058110
3473,GB104028058120
3229,GB104028058130
3229,GB104028058140
3229,GB104028058150
3229,GB104028058161
3229,GB104028058162
3229,GB104028058170
3229,GB104028058190
3229,GB104028058210
3229,GB104028058220
3229,GB104028058230
3234,GB104028058240
3234,GB104028058241
3473,GB104028058250
3473,GB104028058260
3473,GB104028058270
3473,GB104028058280
3473,GB104028058290
3473,GB104028058300
3473,GB104028058311
3473,GB104028058320
3473,GB104028058340
3473,GB104028058350
3473,GB104028058360
3234,GB104028058370
3234,GB104028058380
3234,GB104028058400
3234,GB104028058410
3234,GB104028058420
3234,GB104028058430
3234,GB104028058440
3137,GB104028058450
3137,GB104028058460
3137,GB104028058470
3473,GB104028058480
3473,GB104028064290
3473,GB104028064300
3473,GB104028064310
3234,GB104028064330
3234,GB104028064340
3234,GB104028064350
3012,GB104029061850
3012,GB104029061870
3012,GB104029061880
3012,GB104029061890
3012,GB104029061900
3012,GB104029061920
3012,GB104029061930
3012,GB104029061940
3338,GB104029061955
3338,GB104029061980
3338,GB104029061990
3338,GB104029062000
3338,GB104029062010
3338,GB104029062030
3338,GB104029062040
3338,GB104029062060
3338,GB104029062100
3338,GB104029062110
3012,GB104029062120
3012,GB104029062130
3338,GB104029062140
3338,GB104029062150
3338,GB104029062162
3338,GB104029062165
3338,GB104029062168
3012,GB104029067510
3012,GB104029067520
3338,GB104029067530
3338,GB104029067540
3338,GB104029067575
3338,GB104029067605
3338,GB104029067655
3012,GB104029067660
3422,GB105029061620
3422,GB105029061630
3422,GB105029061640
3422,GB105029061660
3422,GB105029061670
3422,GB105029061680
3422,GB105029061700
3422,GB105029061710
3422,GB105029061720
3422,GB105029061730
3422,GB105029061750
3422,GB105029061760
3413,GB105030051540
3413,GB105030051555
3508,GB105030051560
3508,GB105030051570
3508,GB105030051580
3508,GB105030051590
3508,GB105030056110
3508,GB105030056120
3288,GB105030056140
3508,GB105030056160
3288,GB105030056175
3288,GB105030056180
3288,GB105030056210
3288,GB105030056225
3288,GB105030056230
3288,GB105030056235
3288,GB105030056260
3422,GB105030056440
3413,GB105030056480
3413,GB105030056490
3413,GB105030056515
3413,GB105030056520
3413,GB105030056630
3288,GB105030056670
3288,GB105030056700
3288,GB105030056710
3508,GB105030056720
3508,GB105030056730
3508,GB105030056740
3508,GB105030056750
3508,GB105030056770
3508,GB105030056780
3288,GB105030062190
3288,GB105030062200
3288,GB105030062210
3288,GB105030062220
3288,GB105030062230
3288,GB105030062240
3288,GB105030062250
3288,GB105030062260
3288,GB105030062270
3288,GB105030062290
3288,GB105030062300
3288,GB105030062310
3288,GB105030062320
3288,GB105030062330
3288,GB105030062340
3288,GB105030062350
3288,GB105030062360
3508,GB105030062370
3508,GB105030062380
3508,GB105030062390
3508,GB105030062410
3288,GB105030062415
3422,GB105030062430
3288,GB105030062440
3288,GB105030062450
3508,GB105030062460
3508,GB105030062480
3508,GB105030062490
3508,GB105030062500
3506,GB105031045600
3506,GB105031045610
3506,GB105031045620
3506,GB105031045630
3506,GB105031045640
3506,GB105031050420
3506,GB105031050430
3506,GB105031050440
3203,GB105031050450
3506,GB105031050460
3506,GB105031050480
3506,GB105031050490
3506,GB105031050500
3506,GB105031050510
3506,GB105031050520
3506,GB105031050530
3506,GB105031050550
3286,GB105031050560
3506,GB105031050580
3286,GB105031050595
3286,GB105031050600
3506,GB105031050610
3203,GB105031050650
3203,GB105031050720
3203,GB105031050770
3203,GB105031055480
3203,GB105031055510
3315,GB105032045030
3315,GB105032045040
3315,GB105032045050
3315,GB105032045060
3233,GB105032045070
3233,GB105032045080
3315,GB105032045090
3233,GB105032045100
3233,GB105032045110
3315,GB105032045120
3315,GB105032045130
3233,GB105032045140
3233,GB105032045150
3233,GB105032045170
3315,GB105032045180
3315,GB105032045190
3233,GB105032045200
3315,GB105032045210
3315,GB105032045220
3315,GB105032045230
3315,GB105032045240
3315,GB105032045250
3315,GB105032045260
3315,GB105032045270
3496,GB105032045280
3496,GB105032045290
3496,GB105032045310
3496,GB105032045320
3315,GB105032045330
3496,GB105032045340
3496,GB105032045360
3042,GB105032045380
3042,GB105032045390
3496,GB105032045400
3042,GB105032045410
3315,GB105032045420
3315,GB105032045430
3042,GB105032045440
3042,GB105032045450
3042,GB105032045470
3496,GB105032045480
3042,GB105032045490
3042,GB105032045510
3042,GB105032045530
3042,GB105032045540
3496,GB105032045550
3496,GB105032045560
3538,GB105032045580
3538,GB105032045590
3538,GB105032050290
3315,GB105032050330
3315,GB105032050340
3315,GB105032050350
3315,GB105032050381
3278,GB105032050382
3315,GB105032050383
3349,GB105033030490
3349,GB105033030500
3349,GB105033030520
3349,GB105033030530
3349,GB105033030540
3491,GB105033030550
3491,GB105033030570
3491,GB105033030580
3064,GB105033037480
3064,GB105033037490
3239,GB105033037500
3239,GB105033037510
3239,GB105033037530
3064,GB105033037540
3064,GB105033037550
3064,GB105033037560
3064,GB105033037570
3064,GB105033037580
3064,GB105033037590
3064,GB105033037600
3064,GB105033037610
3269,GB105033037620
3349,GB105033037630
3239,GB105033037640
3239,GB105033037650
3239,GB105033037660
3239,GB105033037670
3239,GB105033037680
3239,GB105033037690
3239,GB105033037700
3239,GB105033037710
3239,GB105033037720
3239,GB105033037730
3239,GB105033037740
3239,GB105033037750
3239,GB105033037770
3239,GB105033037790
3239,GB105033037800
3064,GB105033037810
3239,GB105033037820
3349,GB105033037830
3349,GB105033037840
3491,GB105033037850
3491,GB105033037860
3491,GB105033037870
3491,GB105033037880
3491,GB105033037890
3349,GB105033037900
3491,GB105033037910
3491,GB105033037920
3349,GB105033037930
3491,GB105033037940
3491,GB105033037950
3491,GB105033037960
3349,GB105033037971
3349,GB105033037972
3491,GB105033037980
3491,GB105033037990
3349,GB105033038000
3028,GB105033038010
3064,GB105033038020
3064,GB105033038030
3028,GB105033038040
3028,GB105033038050
3064,GB105033038060
3349,GB105033038070
3064,GB105033038080
3028,GB105033038090
3064,GB105033038100
3028,GB105033038110
3064,GB105033038120
3028,GB105033038140
3064,GB105033038150
3028,GB105033038160
3239,GB105033038170
3491,GB105033038180
3273,GB105033038190
3491,GB105033038200
3491,GB105033038210
3491,GB105033038220
3491,GB105033038230
3491,GB105033038240
3491,GB105033038250
3491,GB105033038260
3491,GB105033038270
3491,GB105033038280
3269,GB105033042670
3269,GB105033042680
3269,GB105033042690
3269,GB105033042700
3269,GB105033042710
3269,GB105033042720
3273,GB105033042730
3273,GB105033042740
3269,GB105033042750
3273,GB105033042770
3269,GB105033042780
3273,GB105033042790
3273,GB105033042800
3273,GB105033042810
3273,GB105033042820
3273,GB105033042830
3269,GB105033042860
3273,GB105033042870
3249,GB105033042920
3249,GB105033042930
3249,GB105033042940
3249,GB105033042950
3273,GB105033042960
3249,GB105033042970
3273,GB105033042980
3249,GB105033042990
3249,GB105033043000
3249,GB105033043010
3249,GB105033043020
3249,GB105033043030
3256,GB105033043040
3249,GB105033043051
3249,GB105033043052
3256,GB105033043060
3256,GB105033043070
3256,GB105033043080
3256,GB105033043090
3256,GB105033043100
3256,GB105033043110
3313,GB105033043140
3256,GB105033043190
3028,GB105033043210
3273,GB105033043220
3273,GB105033043230
3273,GB105033043240
3028,GB105033043250
3273,GB105033043260
3273,GB105033043270
3256,GB105033043280
3256,GB105033043300
3273,GB105033043310
3256,GB105033043340
3256,GB105033043380
3256,GB105033043390
3256,GB105033043400
3256,GB105033043411
3256,GB105033043420
3542,GB105033043450
3336,GB105033047620
3542,GB105033047630
3336,GB105033047662
3336,GB105033047670
3336,GB105033047680
3336,GB105033047770
3336,GB105033047791
3336,GB105033047792
3542,GB105033047810
3542,GB105033047820
3256,GB105033047830
3542,GB105033047840
3256,GB105033047860
3542,GB105033047870
3542,GB105033047880
3542,GB105033047890
3273,GB105033047921
3028,GB105033047923
3336,GB105033053470
3336,GB105033053480
3518,GB105034045650
3518,GB105034045660
3518,GB105034045670
3518,GB105034045690
3518,GB105034045710
3553,GB105034045720
3553,GB105034045730
3518,GB105034045741
3518,GB105034045750
3518,GB105034045780
3518,GB105034045810
3518,GB105034045820
3518,GB105034045830
3518,GB105034045840
3518,GB105034045850
3518,GB105034045880
3518,GB105034045901
3518,GB105034045902
3518,GB105034045903
3518,GB105034045930
3054,GB105034050860
3054,GB105034050870
3054,GB105034050890
3054,GB105034050900
3054,GB105034050931
3054,GB105034050932
3054,GB105034050940
3553,GB105034050950
3054,GB105034050970
3527,GB105034051000
3527,GB105034051020
3527,GB105034051050
3527,GB105034051070
3527,GB105034051111
3527,GB105034051120
3553,GB105034051180
3553,GB105034051190
3553,GB105034051200
3553,GB105034051210
3553,GB105034051230
3553,GB105034051240
3553,GB105034051260
3553,GB105034051270
3553,GB105034051281
3553,GB105034051282
3553,GB105034051290
3553,GB105034051310
3054,GB105034051330
3054,GB105034051360
3553,GB105034051370
3054,GB105034055670
3054,GB105034055690
3054,GB105034055710
3054,GB105034055730
3054,GB105034055740
3331,GB105034055750
3331,GB105034055770
3331,GB105034055780
3331,GB105034055830
3331,GB105034055840
3527,GB105034055850
3527,GB105034055860
3527,GB105034055870
3527,GB105034055881
3553,GB105034055882
3331,GB105034055900
3427,GB105035040150
3427,GB105035040160
3427,GB105035040190
3126,GB105035040280
3126,GB105035040290
3126,GB105035040300
3199,GB105035040310
3126,GB105035040330
3126,GB105035040340
3199,GB105035040350
3126,GB105035040360
3126,GB105035040370
3199,GB105035040440
3427,GB105035045950
3427,GB105035045970
3427,GB105035045980
3427,GB105035046000
3427,GB105035046010
3427,GB105035046020
3427,GB105035046030
3427,GB105035046040
3427,GB105035046050
3427,GB105035046060
3427,GB105035046070
3199,GB105035046080
3199,GB105035046100
3199,GB105035046110
3199,GB105035046130
3199,GB105035046150
3199,GB105035046170
3199,GB105035046180
3199,GB105035046190
3126,GB105035046200
3126,GB105035046210
3427,GB105035046220
3427,GB105035046251
3427,GB105035046260
3427,GB105035046270
3427,GB105035046271
3199,GB105035046280
3427,GB105035046290
3427,GB105035046300
3126,GB105035046310
3424,GB105036040710
3424,GB105036040750
3424,GB105036040760
3424,GB105036040770
3424,GB105036040800
3424,GB105036040830
3424,GB105036040890
3424,GB105036040910
3424,GB105036040920
3424,GB105036040930
3424,GB105036040941
3424,GB105036040942
3424,GB105036040950
3424,GB105036040960
3424,GB105036040970
3424,GB105036040980
3424,GB105036040990
3424,GB105036041000
3424,GB105036046400
3118,GB105037028500
3118,GB105037028540
3118,GB105037028550
3118,GB105037028560
3077,GB105037028630
3077,GB105037028640
3077,GB105037028650
3077,GB105037028660
3077,GB105037028670
3077,GB105037028680
3077,GB105037028690
3077,GB105037028720
3118,GB105037028730
3118,GB105037028741
3118,GB105037028742
3118,GB105037028743
3077,GB105037033530
3077,GB105037033540
3077,GB105037033650
3034,GB105037033800
3077,GB105037033840
3034,GB105037033870
3077,GB105037033890
3077,GB105037033900
3077,GB105037033910
3077,GB105037033940
3077,GB105037033950
3098,GB105037034130
3098,GB105037034150
3098,GB105037034170
3098,GB105037034200
3034,GB105037041140
3098,GB105037041150
3034,GB105037041160
3034,GB105037041180
3077,GB105037041190
3077,GB105037041220
3098,GB105037041230
3098,GB105037041250
3098,GB105037041260
3098,GB105037041280
3098,GB105037041290
3098,GB105037041310
3098,GB105037041320
3098,GB105037041330
3098,GB105037077810
3297,GB106037028070
3297,GB106037028080
3383,GB106037028090
3383,GB106037028100
3383,GB106037028120
3383,GB106037028130
3383,GB106037028140
3383,GB106037028150
3383,GB106037028170
3383,GB106037028171
3383,GB106037028181
3383,GB106037028182
3297,GB106037028200
3383,GB106037033481
3383,GB106037033490
3383,GB106037033500
3275,GB106038027910
3275,GB106038027920
3275,GB106038027930
3275,GB106038027940
3275,GB106038027950
3275,GB106038027960
3275,GB106038033180
3275,GB106038033190
3275,GB106038033200
3275,GB106038033210
3493,GB106038033220
3493,GB106038033240
3493,GB106038033250
3493,GB106038033260
3493,GB106038033270
3493,GB106038033281
3493,GB106038033282
3493,GB106038033290
3493,GB106038033310
3493,GB106038033330
3493,GB106038033340
3493,GB106038033360
3493,GB106038033380
3493,GB106038033391
3493,GB106038033392
3493,GB106038033410
3493,GB106038033460
3493,GB106038040090
3493,GB106038040100
3493,GB106038040110
3493,GB106038040120
3493,GB106038040130
3493,GB106038040140
3275,GB106038077851
3275,GB106038077852
3536,GB106039017020
3536,GB106039017030
3536,GB106039017040
3536,GB106039017050
3536,GB106039017060
3536,GB106039017070
3261,GB106039017080
3261,GB106039017090
3261,GB106039017100
3261,GB106039017110
3261,GB106039017120
3261,GB106039017130
3261,GB106039017140
3261,GB106039017150
3261,GB106039017160
3261,GB106039017170
3261,GB106039017180
3242,GB106039017190
3242,GB106039017200
3242,GB106039017210
3242,GB106039017220
3242,GB106039017230
3261,GB106039017240
3242,GB106039017250
3242,GB106039017261
3242,GB106039017280
3261,GB106039017290
3242,GB106039017300
3242,GB106039017310
3261,GB106039017320
3261,GB106039017330
3242,GB106039017340
3242,GB106039017350
3242,GB106039017360
3242,GB106039017370
3242,GB106039017380
3242,GB106039017390
3261,GB106039017400
3242,GB106039017410
3242,GB106039017420
3242,GB106039017430
3224,GB106039017440
3495,GB106039017450
3495,GB106039017460
3495,GB106039017470
3495,GB106039017481
3495,GB106039017500
3495,GB106039017520
3277,GB106039017530
3495,GB106039017540
3277,GB106039017550
3495,GB106039017560
3277,GB106039017570
3277,GB106039017580
3495,GB106039017590
3277,GB106039017600
3277,GB106039017610
3277,GB106039017621
3277,GB106039017622
3536,GB106039017630
3514,GB106039017640
3277,GB106039017650
3285,GB106039017660
3285,GB106039017670
3285,GB106039017680
3536,GB106039017690
3536,GB106039017700
3536,GB106039017710
3536,GB106039017720
3536,GB106039017730
3536,GB106039017750
3536,GB106039017760
3536,GB106039017770
3536,GB106039017780
3536,GB106039017790
3536,GB106039017800
3536,GB106039017810
3536,GB106039017820
3536,GB106039017830
3536,GB106039017840
3536,GB106039017850
3536,GB106039017860
3536,GB106039017870
3536,GB106039017880
3536,GB106039017890
3536,GB106039017900
3536,GB106039017910
3536,GB106039017920
3536,GB106039017930
3032,GB106039022850
3504,GB106039022860
3504,GB106039022870
3504,GB106039022890
3504,GB106039022910
3504,GB106039022920
3504,GB106039022930
3044,GB106039022940
3504,GB106039022950
3504,GB106039022960
3044,GB106039022970
3044,GB106039022980
3504,GB106039022990
3096,GB106039023010
3112,GB106039023030
3096,GB106039023040
3112,GB106039023051
3096,GB106039023070
3096,GB106039023080
3096,GB106039023090
3096,GB106039023100
3504,GB106039023110
3242,GB106039023120
3261,GB106039023130
3242,GB106039023140
3242,GB106039023141
3261,GB106039023160
3242,GB106039023171
3242,GB106039023173
3242,GB106039023174
3242,GB106039023180
3261,GB106039023190
3242,GB106039023200
3242,GB106039023210
3242,GB106039023220
3285,GB106039023231
3285,GB106039023232
3412,GB106039023233
3369,GB106039023250
3369,GB106039023260
3369,GB106039023270
3412,GB106039023280
3369,GB106039023290
3412,GB106039023300
3504,GB106039023310
3504,GB106039023320
3504,GB106039023330
3504,GB106039023331
3343,GB106039023340
3343,GB106039023350
3343,GB106039023360
3343,GB106039023370
3343,GB106039023380
3343,GB106039023400
3343,GB106039023410
3343,GB106039023420
3343,GB106039023430
3285,GB106039023440
3112,GB106039023451
3514,GB106039023460
3096,GB106039023480
3298,GB106039023500
3285,GB106039023510
3285,GB106039023511
3285,GB106039023520
3285,GB106039023530
3285,GB106039023540
3285,GB106039023550
3412,GB106039023570
3044,GB106039023590
3412,GB106039023600
3412,GB106039023610
3504,GB106039023620
3343,GB106039023630
3504,GB106039023650
3343,GB106039023660
3412,GB106039023670
3504,GB106039023680
3504,GB106039023700
3504,GB106039023710
3504,GB106039023711
3412,GB106039023720
3504,GB106039023730
3459,GB106039023740
3459,GB106039023750
3504,GB106039023760
3539,GB106039023770
3459,GB106039023780
3504,GB106039023800
3504,GB106039023810
3459,GB106039023820
3459,GB106039023830
3459,GB106039023840
3459,GB106039023850
3504,GB106039023860
3412,GB106039023880
3412,GB106039023890
3412,GB106039023900
3504,GB106039029750
3504,GB106039029760
3504,GB106039029770
3079,GB106039029780
3504,GB106039029790
3079,GB106039029800
3504,GB106039029810
3096,GB106039029820
3096,GB106039029830
3096,GB106039029840
3096,GB106039029850
3096,GB106039029860
3096,GB106039029870
3181,GB106039029880
3096,GB106039029890
3096,GB106039029900
3181,GB106039029910
3096,GB106039029920
3181,GB106039029940
3181,GB106039029950
3181,GB106039029960
3181,GB106039029970
3181,GB106039029980
3504,GB106039029991
3504,GB106039029992
3181,GB106039030000
3181,GB106039030010
3181,GB106039030020
3181,GB106039030030
3539,GB106039030040
3350,GB106039030060
3350,GB106039030070
3350,GB106039030080
3350,GB106039030090
3350,GB106039030100
3350,GB106039030110
3350,GB106039030120
3350,GB106039030130
3350,GB106039030140
3350,GB106039030150
3350,GB106039030160
3343,GB106039030180
3459,GB106039030200
3539,GB106039030210
3539,GB106039030231
3539,GB106039030232
3459,GB106039030240
3539,GB106039030260
3459,GB106039030270
3539,GB106039030280
3459,GB106039030290
3504,GB106039030300
3539,GB106039030310
3459,GB106039030320
3412,GB106039030331
3539,GB106039030333
3343,GB106039030334
3459,GB106039030340
3459,GB106039030360
3459,GB106039030370
3459,GB106039030380
3459,GB106039030400
3459,GB106039030410
3459,GB106039030420
3459,GB106039030430
3539,GB106039030440
3539,GB106039030450
3539,GB106039030460
3539,GB106039030470
3539,GB106039030480
3079,GB106039037190
3079,GB106039037200
3079,GB106039037210
3079,GB106039037220
3079,GB106039037230
3079,GB106039037240
3079,GB106039037260
3079,GB106039037270
3079,GB106039037280
3079,GB106039037290
3079,GB106039037300
3079,GB106039037310
3079,GB106039037320
3079,GB106039037340
3079,GB106039037350
3079,GB106039037360
3079,GB106039037370
3181,GB106039037380
3181,GB106039037390
3181,GB106039037400
3181,GB106039037410
3181,GB106039037420
3079,GB106039037431
3079,GB106039037432
3539,GB106039037440
3539,GB106039037450
3539,GB106039037460
3539,GB106039037470
3079,GB106039042650
3079,GB106039042660
3494,GB106040013360
3494,GB106040013370
3031,GB106040018030
3031,GB106040018040
3164,GB106040018060
3494,GB106040018070
3494,GB106040018080
3494,GB106040018090
3494,GB106040018100
3314,GB106040018110
3314,GB106040018120
3453,GB106040018130
3031,GB106040018140
3314,GB106040018150
3164,GB106040018160
3314,GB106040018170
3494,GB106040018181
3314,GB106040018182
3314,GB106040018190
3314,GB106040018200
3314,GB106040018210
3453,GB106040018240
3453,GB106040018250
3453,GB106040018260
3031,GB106040018270
3031,GB106040018280
3031,GB106040018290
3031,GB106040018300
3453,GB106040018310
3031,GB106040018320
3031,GB106040018330
3164,GB106040018340
3164,GB106040018350
3494,GB106040018360
3494,GB106040018370
3494,GB106040018390
3494,GB106040018400
3314,GB106040018410
3314,GB106040018420
3314,GB106040018430
3314,GB106040018440
3314,GB106040018450
3453,GB106040018500
3453,GB106040018510
3453,GB106040018520
3537,GB106040018560
3164,GB106040018630
3164,GB106040018640
3164,GB106040018650
3164,GB106040018660
3113,GB106040023990
3113,GB106040024150
3113,GB106040024210
3121,GB106040024221
3121,GB106040024222
3043,GB107040013380
3043,GB107040013390
3043,GB107040013410
3384,GB107040013420
3386,GB107040013430
3384,GB107040013450
3386,GB107040013460
3384,GB107040013470
3371,GB107040013480
3500,GB107040013490
3500,GB107040013500
3371,GB107040013520
3043,GB107040013530
3043,GB107040013540
3043,GB107040013550
3043,GB107040013560
3500,GB107040013570
3500,GB107040013590
3386,GB107040013600
3500,GB107040013610
3500,GB107040013620
3386,GB107040013630
3386,GB107040013640
3371,GB107040013670
3142,GB107040019490
3371,GB107040019530
3371,GB107040019540
3330,GB107040019550
3282,GB107040019560
3257,GB107040019570
3257,GB107040019590
3423,GB107040019600
3423,GB107040019620
3423,GB107040019621
3351,GB107040019630
3501,GB107040019640
3501,GB107040019650
3501,GB107040019660
3386,GB107040019670
3386,GB107040019680
3386,GB107040019690
3371,GB107040019700
3330,GB107040019720
3330,GB107040019730
3501,GB107040019741
3282,GB107040019742
3282,GB107040019743
3423,GB107040019770
3282,GB107040019790
3142,GB107040073310
3534,GB107041006520
3534,GB107041006580
3534,GB107041006610
3266,GB107041006620
3361,GB107041006650
3361,GB107041006670
3458,GB107041011940
3534,GB107041011980
3266,GB107041011990
3534,GB107041012010
3483,GB107041012040
3483,GB107041012060
3266,GB107041012100
3483,GB107041012110
3483,GB107041012120
3266,GB107041012140
3483,GB107041012150
3483,GB107041012160
3483,GB107041012170
3483,GB107041012180
3483,GB107041012190
3483,GB107041012200
3483,GB107041012210
3483,GB107041012220
3483,GB107041012240
3483,GB107041012250
3483,GB107041012260
3483,GB107041012270
3483,GB107041012280
3483,GB107041012290
3486,GB107041012300
3486,GB107041012310
3488,GB107041012330
3534,GB107041012350
3534,GB107041012370
3488,GB107041012380
3488,GB107041012390
3488,GB107041012391
3361,GB107041012420
3361,GB107041012430
3498,GB107041012450
3361,GB107041012460
3100,GB107041012480
3361,GB107041012500
3498,GB107041012510
3361,GB107041012521
3100,GB107041012540
3100,GB107041012550
3498,GB107041012560
3498,GB107041012570
3498,GB107041012590
3361,GB107041012610
3498,GB107041012630
3498,GB107041012641
3498,GB107041012650
3498,GB107041012660
3498,GB107041012670
3498,GB107041012680
3498,GB107041012700
3498,GB107041012710
3498,GB107041012711
3498,GB107041012720
3498,GB107041012730
3498,GB107041012740
3533,GB107041012760
3533,GB107041012770
3533,GB107041012780
3533,GB107041012790
3533,GB107041012800
3533,GB107041012810
3533,GB107041012820
3533,GB107041012830
3533,GB107041012840
3534,GB107041012880
3266,GB107041012890
3483,GB107041012900
3486,GB107041012910
3486,GB107041012920
3488,GB107041012930
3488,GB107041012940
3498,GB107041012950
3498,GB107041012960
3498,GB107041012970
3498,GB107041012980
3498,GB107041012990
3498,GB107041013000
3533,GB107041013010
3266,GB107041013040
3498,GB107041013080
3486,GB107041013350
3486,GB107041017950
3486,GB107041017960
3486,GB107041017970
3486,GB107041017980
3486,GB107041017990
3498,GB107041018000
3266,GB107041073300
3327,GB107042011170
3326,GB107042011190
3327,GB107042011210
3327,GB107042011220
3327,GB107042011230
3027,GB107042011260
3327,GB107042011300
3326,GB107042011330
3248,GB107042011350
3327,GB107042011360
3157,GB107042011370
3326,GB107042011400
3157,GB107042016250
3157,GB107042016260
3157,GB107042016270
3157,GB107042016280
3237,GB107042016310
3327,GB107042016340
3157,GB107042016350
3157,GB107042016360
3157,GB107042016370
3284,GB107042016380
3157,GB107042016400
3157,GB107042016420
3284,GB107042016440
3284,GB107042016450
3284,GB107042016460
3284,GB107042016480
3284,GB107042016490
3284,GB107042016620
3157,GB107042016640
3237,GB107042016650
3237,GB107042016670
3327,GB107042016710
3327,GB107042016720
3325,GB107042016730
3325,GB107042016750
3284,GB107042016791
3284,GB107042016800
3284,GB107042016810
3284,GB107042016840
3237,GB107042022580
3237,GB107042022610
3237,GB107042022620
3284,GB107042022640
3485,GB107042022650
3485,GB107042022670
3485,GB107042022700
3485,GB107042022710
3485,GB107042022720
3237,GB107042022730
3485,GB107042022740
3485,GB107042022750
3485,GB107042022770
3485,GB107042022780
3485,GB107042022790
3485,GB107042022810
3235,GB107101005920
3235,GB107101005940
3235,GB107101005971
3235,GB107101005990
3235,GB107101006020
3235,GB107101006100
3235,GB107101006120
3235,GB107101006210
3235,GB107101006220
3235,GB107101006250
3216,GB108043011010
3216,GB108043011011
3216,GB108043011012
3216,GB108043011020
3140,GB108043011040
3140,GB108043011050
3140,GB108043011080
3140,GB108043011090
3216,GB108043015720
3216,GB108043015730
3216,GB108043015740
3216,GB108043015750
3140,GB108043015760
3216,GB108043015770
3140,GB108043015780
3140,GB108043015790
3216,GB108043015800
3216,GB108043015810
3140,GB108043015820
3140,GB108043015821
3140,GB108043015822
3216,GB108043015830
3216,GB108043015840
3140,GB108043015850
3216,GB108043015860
3216,GB108043015870
3216,GB108043015880
3140,GB108043015890
3140,GB108043015900
3140,GB108043015910
3140,GB108043015930
3140,GB108043015940
3140,GB108043015950
3140,GB108043015960
3140,GB108043015970
3140,GB108043015990
3140,GB108043016000
3140,GB108043016010
3140,GB108043016020
3140,GB108043016030
3140,GB108043016040
3140,GB108043016051
3140,GB108043016052
3140,GB108043016060
3140,GB108043016070
3140,GB108043016080
3140,GB108043016090
3140,GB108043016100
3140,GB108043016110
3216,GB108043016160
3140,GB108043016170
3216,GB108043016180
3216,GB108043016190
3216,GB108043016200
3216,GB108043016210
3216,GB108043022351
3216,GB108043022352
3216,GB108043022360
3216,GB108043022370
3216,GB108043022390
3216,GB108043022410
3216,GB108043022420
3216,GB108043022430
3140,GB108043022440
3140,GB108043022450
3216,GB108043022470
3216,GB108043022471
3140,GB108043022490
3216,GB108043022500
3216,GB108043022510
3216,GB108043022520
3216,GB108043022530
3216,GB108043022540
3216,GB108043022550
3216,GB108043022560
3216,GB108043022570
3528,GB108044009540
3528,GB108044009550
3140,GB108044009570
3528,GB108044009580
3528,GB108044009590
3528,GB108044009600
3367,GB108044009610
3367,GB108044009620
3367,GB108044009630
3367,GB108044009640
3367,GB108044009650
3367,GB108044009660
3367,GB108044009691
3367,GB108044009692
3367,GB108044009700
3367,GB108044009710
3253,GB108044009760
3528,GB108044009770
3367,GB108044009780
3528,GB108044009790
3367,GB108044009800
3528,GB108044009920
3367,GB108044010020
3367,GB108044010050
3367,GB108044010060
3367,GB108044010080
3367,GB108044010100
3528,GB108044010110
3367,GB108044010120
3367,GB108044010130
3528,GB108044010210
3253,GB108045008630
3085,GB108045008710
3085,GB108045008730
3085,GB108045008750
3085,GB108045008780
3253,GB108045008790
3085,GB108045008800
3085,GB108045008810
3253,GB108045008830
3253,GB108045008840
3253,GB108045008850
3085,GB108045008860
3253,GB108045008870
3253,GB108045008880
3114,GB108045008910
3085,GB108045008980
3114,GB108045009000
3114,GB108045009010
3114,GB108045009020
3183,GB108045009040
3183,GB108045009050
3183,GB108045009060
3114,GB108045009070
3114,GB108045009080
3114,GB108045009090
3114,GB108045009100
3085,GB108045009110
3405,GB108045009160
3405,GB108045009170
3405,GB108045009180
3405,GB108045009190
3405,GB108045009200
3114,GB108045009220
3114,GB108045009230
3114,GB108045009240
3114,GB108045009270
3114,GB108045009280
3114,GB108045009290
3253,GB108045009300
3253,GB108045014820
3253,GB108045014830
3253,GB108045014840
3183,GB108045014850
3183,GB108045014860
3183,GB108045014870
3085,GB108045014880
3085,GB108045014890
3114,GB108045014900
3114,GB108045014910
3085,GB108045014920
3085,GB108045014930
3085,GB108045014940
3085,GB108045014960
3085,GB108045014970
3085,GB108045014980
3183,GB108045014990
3085,GB108045015000
3183,GB108045015010
3085,GB108045015020
3183,GB108045015030
3183,GB108045015040
3183,GB108045015050
3183,GB108045015060
3183,GB108045015070
3183,GB108045015080
3183,GB108045015090
3183,GB108045015100
3405,GB108045015110
3405,GB108045015120
3253,GB108045015130
3183,GB108045020850
3183,GB108045020860
3183,GB108045020870
3183,GB108045020880
3183,GB108045020890
3183,GB108045020900
3183,GB108045020910
3183,GB108045020920
3183,GB108045020930
3022,GB108046004760
3123,GB108046004810
3022,GB108046004870
3022,GB108046004900
3123,GB108046004910
3022,GB108046004920
3123,GB108046004930
3022,GB108046004940
3022,GB108046004941
3175,GB108046005020
3175,GB108046005040
3123,GB108046005060
3175,GB108046005070
3123,GB108046005080
3175,GB108046005110
3123,GB108046005160
3123,GB108046005170
3123,GB108046005190
3175,GB108046005200
3123,GB108046005210
3123,GB108046005220
3123,GB108046005230
3123,GB108046005240
3123,GB108046005250
3123,GB108046005270
3451,GB108046005330
3451,GB108046005340
3451,GB108046005350
3123,GB108046005430
3451,GB108046008300
3451,GB108046008310
3451,GB108046008320
3451,GB108046008330
3123,GB108046008340
3123,GB108046008350
3123,GB108046008361
3123,GB108046008370
3123,GB108046008380
3123,GB108046008390
3123,GB108046008400
3123,GB108046008410
3123,GB108046008420
3451,GB108046008440
3451,GB108046008450
3451,GB108046008460
3451,GB108046008470
3451,GB108046008480
3451,GB108046008490
3451,GB108046008500
3451,GB108046008510
3451,GB108046008530
3451,GB108046008540
3451,GB108046008550
3451,GB108046008560
3451,GB108046008570
3451,GB108046008580
3451,GB108046008590
3451,GB108046008600
3364,GB108047003640
3364,GB108047003650
3364,GB108047003660
3295,GB108047003890
3555,GB108047003930
3555,GB108047004000
3555,GB108047004010
3555,GB108047004020
3364,GB108047004040
3555,GB108047004050
3435,GB108047004070
3295,GB108047007670
3295,GB108047007680
3295,GB108047007690
3435,GB108047007700
3464,GB108047007710
3464,GB108047007731
3464,GB108047007750
3435,GB108047007760
3464,GB108047007770
3436,GB108047007790
3436,GB108047007800
3436,GB108047007810
3436,GB108047007820
3436,GB108047007830
3440,GB108047007840
3440,GB108047007850
3435,GB108047007860
3440,GB108047007870
3440,GB108047007880
3435,GB108047007890
3464,GB108047007900
3464,GB108047007910
3435,GB108047007920
3436,GB108047007940
3440,GB108047007950
3436,GB108047007960
3436,GB108047007981
3464,GB108047007990
3436,GB108047008000
3464,GB108047008010
3464,GB108047008020
3436,GB108047008030
3436,GB108047008040
3436,GB108047008050
3436,GB108047008060
3436,GB108047008070
3436,GB108047013880
3436,GB108047013890
3436,GB108047013900
3436,GB108047013910
3436,GB108047013920
3184,GB108048001140
3184,GB108048001150
3184,GB108048001160
3094,GB108048001171
3094,GB108048001172
3094,GB108048001173
3184,GB108048001231
3184,GB108048001250
3184,GB108048001270
3184,GB108048001280
3352,GB108048001330
3192,GB108048001340
3184,GB108048001350
3192,GB108048001380
3184,GB108048001390
3192,GB108048001400
3192,GB108048001410
3192,GB108048001420
3395,GB108048001440
3192,GB108048001450
3094,GB108048001640
3094,GB108048001650
3094,GB108048001710
3094,GB108048001750
3094,GB108048001820
3094,GB108048001860
3094,GB108048001870
3395,GB108048001980
3395,GB108048002000
3357,GB108048002050
3094,GB108048002060
3357,GB108048002090
3357,GB108048002100
3357,GB108048002110
3352,GB108048002250
3352,GB108048002280
3352,GB108048002290
3352,GB108048002291
3352,GB108048002300
3352,GB108048002310
3395,GB108048002320
3184,GB108048002330
3184,GB108048002340
3184,GB108048002350
3184,GB108048002360
3184,GB108048002370
3184,GB108048002380
3184,GB108048002390
3184,GB108048002400
3192,GB108048007630
3192,GB108048007640
3192,GB108048007650
3196,GB108049000000
3065,GB108049000020
3065,GB108049000030
3065,GB108049000040
3065,GB108049000050
3065,GB108049000060
3196,GB108049000070
3065,GB108049000110
3196,GB108049000120
3065,GB108049000130
3065,GB108049000190
3196,GB108049000210
3196,GB108049000220
3196,GB108049000230
3357,GB108049000300
3221,GB108049000380
3221,GB108049000520
3221,GB108049000560
3221,GB108049000570
3221,GB108049000600
3221,GB108049000620
3221,GB108049000700
3221,GB108049000710
3196,GB108049006890
3065,GB108049006910
3065,GB108049006960
3065,GB108049006980
3065,GB108049007010
3065,GB108049007030
3065,GB108049007040
3065,GB108049007050
3065,GB108049007060
3426,GB108049007170
3426,GB108049007190
3426,GB108049007240
3426,GB108049007250
3426,GB108049007270
3426,GB108049007280
3426,GB108049013730
3426,GB108049013760
3426,GB108049013800
3468,GB108050008080
3468,GB108050008100
3468,GB108050008110
3468,GB108050008130
3468,GB108050008140
3468,GB108050008160
3468,GB108050008170
3468,GB108050008181
3468,GB108050008190
3468,GB108050008210
3468,GB108050008220
3468,GB108050008230
3468,GB108050008240
3441,GB108050008250
3468,GB108050008260
3441,GB108050008270
3441,GB108050008290
3468,GB108050013930
3441,GB108050013950
3441,GB108050013960
3218,GB108050013970
3441,GB108050013980
3441,GB108050013990
3218,GB108050014010
3218,GB108050014050
3468,GB108050014090
3441,GB108050014100
3441,GB108050014110
3441,GB108050014120
3441,GB108050014130
3441,GB108050014140
3441,GB108050014150
3441,GB108050014170
3468,GB108050014180
3468,GB108050014190
3468,GB108050014200
3441,GB108050014210
3468,GB108050014220
3441,GB108050014230
3468,GB108050014240
3468,GB108050014250
3468,GB108050014260
3468,GB108050014270
3441,GB108050014280
3468,GB108050014290
3441,GB108050014310
3468,GB108050014320
3468,GB108050014330
3441,GB108050014340
3468,GB108050014350
3468,GB108050014360
3468,GB108050014370
3441,GB108050014380
3468,GB108050014390
3468,GB108050014400
3468,GB108050014440
3441,GB108050014460
3468,GB108050014470
3441,GB108050014490
3468,GB108050014500
3468,GB108050014510
3441,GB108050014520
3441,GB108050014530
3441,GB108050014620
3441,GB108050014630
3441,GB108050014640
3441,GB108050014650
3468,GB108050014660
3441,GB108050019910
3441,GB108050019920
3441,GB108050019930
3441,GB108050019940
3441,GB108050019950
3441,GB108050019960
3441,GB108050019970
3441,GB108050019980
3441,GB108050019990
3441,GB108050020000
3441,GB108050020010
3441,GB108050020020
3441,GB108050020040
3441,GB108050020050
3441,GB108050020060
3530,GB108051020210
3530,GB108051020220
3530,GB108051020230
3530,GB108051020250
3530,GB108051020260
3530,GB108051020300
3530,GB108051020350
3530,GB108051020390
3441,GB108051020440
3441,GB108051020470
3441,GB108051020500
3441,GB108051020510
3530,GB108051020540
3530,GB108051020550
3530,GB108051020560
3441,GB108051020570
3441,GB108051020580
3441,GB108051020590
3441,GB108051020600
3441,GB108051020611
3353,GB108052015140
3053,GB108052015150
3353,GB108052015160
3353,GB108052015170
3353,GB108052015180
3353,GB108052015190
3353,GB108052015220
3353,GB108052015230
3353,GB108052015241
3353,GB108052015250
3353,GB108052015260
3353,GB108052015270
3353,GB108052015290
3353,GB108052015310
3353,GB108052015321
3353,GB108052015330
3353,GB108052015340
3353,GB108052015350
3353,GB108052015360
3353,GB108052015370
3466,GB108052015380
3466,GB108052015390
3466,GB108052015400
3466,GB108052015410
3466,GB108052015420
3353,GB108052015450
3466,GB108052015460
3353,GB108052015470
3466,GB108052015481
3466,GB108052015482
3466,GB108052015490
3353,GB108052015500
3466,GB108052015510
3353,GB108052015520
3353,GB108052015530
3353,GB108052015540
3353,GB108052015550
3353,GB108052015560
3353,GB108052015570
3353,GB108052015580
3353,GB108052015590
3353,GB108052015600
3353,GB108052015610
3353,GB108052015620
3353,GB108052015630
3353,GB108052015640
3353,GB108052015650
3353,GB108052015660
3353,GB108052015670
3353,GB108052015681
3353,GB108052015682
3353,GB108052015690
3053,GB108052021090
3353,GB108052021100
3053,GB108052021130
3053,GB108052021140
3353,GB108052021150
3053,GB108052021160
3053,GB108052021171
3053,GB108052021172
3053,GB108052021173
3053,GB108052021181
3053,GB108052021182
3053,GB108052021183
3053,GB108052021190
3053,GB108052021200
3053,GB108052021210
3053,GB108052021221
3053,GB108052021240
3053,GB108052021250
3053,GB108052021260
3353,GB108052021270
3353,GB108052021290
3353,GB108052021300
3353,GB108052021310
3353,GB108052021320
3353,GB108052021331
3353,GB108052021340
3353,GB108052021360
3466,GB108052021370
3466,GB108052021380
3466,GB108052021390
3053,GB108052021510
3053,GB109052021520
3053,GB109052021530
3053,GB109052021540
3053,GB109052021570
3053,GB109052021580
3053,GB109052021590
3332,GB109052021600
3332,GB109052021620
3332,GB109052021640
3332,GB109052021660
3332,GB109052021670
3332,GB109052021682
3332,GB109052021690
3332,GB109052027321
3332,GB109052027322
3332,GB109052027330
3045,GB109053021750
3045,GB109053021760
3045,GB109053021770
3045,GB109053021791
3045,GB109053021800
3045,GB109053021830
3045,GB109053021840
3045,GB109053021851
3045,GB109053021852
3045,GB109053021880
3045,GB109053021890
3045,GB109053021900
3045,GB109053021920
3045,GB109053021930
3045,GB109053021940
3045,GB109053021950
3045,GB109053021960
3046,GB109053021970
3046,GB109053021980
3045,GB109053021990
3045,GB109053022000
3045,GB109053022020
3045,GB109053022030
3045,GB109053022040
3045,GB109053022050
3045,GB109053022080
3045,GB109053022090
3045,GB109053022101
3045,GB109053022110
3045,GB109053022130
3045,GB109053022140
3045,GB109053022150
3045,GB109053022170
3045,GB109053022190
3045,GB109053022200
3045,GB109053022210
3045,GB109053022220
3045,GB109053022230
3045,GB109053022240
3045,GB109053022250
3045,GB109053022251
3045,GB109053022260
3045,GB109053022271
3045,GB109053022290
3045,GB109053022300
3046,GB109053027371
3046,GB109053027372
3045,GB109053027380
3045,GB109053027400
3045,GB109053027410
3045,GB109053027440
3046,GB109053027450
3045,GB109053027460
3045,GB109053027480
3045,GB109053027490
3045,GB109053027500
3045,GB109053027510
3046,GB109053027530
3046,GB109053027540
3046,GB109053027560
3046,GB109053027570
3046,GB109053027580
3046,GB109053027590
3045,GB109053027600
3045,GB109053027610
3045,GB109053027620
3045,GB109053027630
3045,GB109053027640
3045,GB109053027650
3045,GB109053027665
3045,GB109053027680
3045,GB109053027690
3045,GB109053027700
3045,GB109053027710
3045,GB109053027720
3045,GB109053027730
3045,GB109053027740
3045,GB109053027760
3045,GB109053027770
3045,GB109053027780
3045,GB109053027790
3045,GB109053027800
3045,GB109053027810
3046,GB109053027820
3046,GB109053027830
3046,GB109053027840
3194,GB109054026510
3194,GB109054026531
3194,GB109054026550
3194,GB109054026570
3281,GB109054026580
3281,GB109054026590
3281,GB109054026600
3281,GB109054026610
3281,GB109054026620
3281,GB109054026630
3281,GB109054026650
3281,GB109054026670
3194,GB109054032440
3194,GB109054032450
3194,GB109054032460
3194,GB109054032470
3250,GB109054032480
3250,GB109054032490
3250,GB109054032511
3250,GB109054032520
3189,GB109054032530
3194,GB109054032540
3189,GB109054032560
3194,GB109054032600
3189,GB109054032610
3189,GB109054032640
3204,GB109054032680
3204,GB109054032701
3204,GB109054032702
3189,GB109054032710
3399,GB109054032740
3399,GB109054032750
3204,GB109054032760
3204,GB109054032761
3399,GB109054032770
3078,GB109054032780
3078,GB109054032801
3078,GB109054032810
3078,GB109054032820
3018,GB109054039341
3018,GB109054039350
3018,GB109054039380
3018,GB109054039390
3018,GB109054039420
3018,GB109054039430
3018,GB109054039450
3018,GB109054039460
3020,GB109054039470
3020,GB109054039490
3020,GB109054039501
3018,GB109054039520
3018,GB109054039530
3020,GB109054039540
3250,GB109054039550
3250,GB109054039590
3250,GB109054039620
3018,GB109054039631
3250,GB109054039640
3058,GB109054039661
3296,GB109054039710
3296,GB109054039720
3399,GB109054039730
3296,GB109054039740
3296,GB109054039750
3399,GB109054039760
3399,GB109054039761
3078,GB109054039770
3018,GB109054039780
3018,GB109054039800
3018,GB109054039810
3020,GB109054039820
3020,GB109054039830
3020,GB109054039840
3018,GB109054039851
3020,GB109054039860
3020,GB109054039870
3020,GB109054039890
3456,GB109054039910
3020,GB109054039921
3020,GB109054039922
3456,GB109054039930
3456,GB109054039940
3021,GB109054043680
3020,GB109054043690
3018,GB109054043700
3018,GB109054043711
3018,GB109054043712
3021,GB109054043720
3020,GB109054043730
3020,GB109054043740
3021,GB109054043750
3021,GB109054043760
3018,GB109054043770
3021,GB109054043780
3018,GB109054043790
3020,GB109054043800
3021,GB109054043810
3018,GB109054043820
3021,GB109054043830
3020,GB109054043840
3021,GB109054043850
3021,GB109054043860
3020,GB109054043880
3021,GB109054043890
3020,GB109054043900
3020,GB109054043910
3020,GB109054043920
3020,GB109054043930
3020,GB109054043940
3081,GB109054043950
3457,GB109054043960
3457,GB109054043970
3081,GB109054043980
3081,GB109054043990
3081,GB109054044000
3457,GB109054044010
3081,GB109054044020
3457,GB109054044030
3081,GB109054044040
3457,GB109054044050
3081,GB109054044060
3081,GB109054044061
3020,GB109054044070
3020,GB109054044080
3020,GB109054044090
3020,GB109054044110
3020,GB109054044120
3020,GB109054044130
3020,GB109054044140
3020,GB109054044150
3401,GB109054044160
3389,GB109054044170
3389,GB109054044180
3401,GB109054044190
3389,GB109054044200
3401,GB109054044210
3389,GB109054044220
3389,GB109054044230
3389,GB109054044240
3457,GB109054044250
3457,GB109054044260
3457,GB109054044270
3457,GB109054044281
3457,GB109054044300
3457,GB109054044320
3457,GB109054044330
3457,GB109054044350
3457,GB109054044360
3457,GB109054044370
3456,GB109054044380
3456,GB109054044390
3020,GB109054044401
3020,GB109054044402
3018,GB109054044403
3399,GB109054044404
3456,GB109054044410
3456,GB109054044420
3457,GB109054044430
3457,GB109054044440
3401,GB109054044450
3401,GB109054044460
3021,GB109054044470
3021,GB109054044480
3457,GB109054044490
3457,GB109054044500
3456,GB109054044510
3021,GB109054044520
3425,GB109054044530
3021,GB109054044540
3401,GB109054044560
3425,GB109054044570
3404,GB109054044590
3457,GB109054044600
3425,GB109054044610
3021,GB109054044620
3021,GB109054044630
3021,GB109054044640
3021,GB109054044660
3401,GB109054044680
3021,GB109054044690
3021,GB109054044700
3425,GB109054044710
3502,GB109054044740
3502,GB109054044750
3502,GB109054044781
3502,GB109054044811
3404,GB109054044820
3502,GB109054044830
3502,GB109054044930
3457,GB109054044960
3457,GB109054044970
3544,GB109054045020
3457,GB109054049110
3457,GB109054049120
3457,GB109054049130
3404,GB109054049141
3321,GB109054049142
3455,GB109054049143
3401,GB109054049144
3401,GB109054049145
3401,GB109054049146
3359,GB109054049150
3359,GB109054049160
3359,GB109054049170
3359,GB109054049180
3359,GB109054049190
3359,GB109054049201
3404,GB109054049210
3404,GB109054049240
3110,GB109054049260
3110,GB109054049270
3067,GB109054049290
3502,GB109054049340
3404,GB109054049360
3404,GB109054049390
3110,GB109054049400
3110,GB109054049420
3110,GB109054049430
3067,GB109054049440
3370,GB109054049450
3110,GB109054049460
3370,GB109054049480
3110,GB109054049490
3370,GB109054049500
3110,GB109054049510
3455,GB109054049530
3370,GB109054049540
3370,GB109054049570
3370,GB109054049580
3370,GB109054049630
3370,GB109054049640
3359,GB109054049680
3359,GB109054049910
3321,GB109054049930
3321,GB109054049940
3321,GB109054049980
3321,GB109054050010
3359,GB109054050030
3544,GB109054050060
3544,GB109054050070
3544,GB109054050080
3454,GB109054050090
3454,GB109054050100
3454,GB109054050120
3454,GB109054050130
3454,GB109054050141
3454,GB109054050160
3359,GB109054050170
3454,GB109054050180
3359,GB109054050190
3359,GB109054050200
3359,GB109054050210
3359,GB109054050230
3544,GB109054050250
3544,GB109054050260
3544,GB109054050270
3544,GB109054050280
3359,GB109054054960
3359,GB109054054970
3359,GB109054054980
3359,GB109054055000
3359,GB109054055010
3359,GB109054055020
3321,GB109054055070
3359,GB109054055080
3359,GB109054055090
3359,GB109054055100
3359,GB109054055110
3359,GB109054055130
3359,GB109054055140
3359,GB109054055150
3320,GB109055029620
3549,GB109055029670
3549,GB109055029690
3549,GB109055029700
3549,GB109055029710
3549,GB109055029730
3014,GB109055036580
3014,GB109055036610
3014,GB109055036620
3014,GB109055036630
3014,GB109055036650
3014,GB109055036660
3549,GB109055036670
3014,GB109055036710
3014,GB109055036720
3014,GB109055036740
3014,GB109055036750
3014,GB109055036771
3014,GB109055036780
3014,GB109055036790
3320,GB109055036810
3320,GB109055036820
3320,GB109055036840
3320,GB109055036850
3320,GB109055036860
3320,GB109055036870
3549,GB109055036880
3549,GB109055036890
3549,GB109055036930
3549,GB109055036940
3549,GB109055036960
3549,GB109055037000
3547,GB109055037010
3549,GB109055037040
3549,GB109055037070
3549,GB109055037100
3549,GB109055037111
3549,GB109055037112
3549,GB109055037113
3549,GB109055037120
3014,GB109055037180
3014,GB109055041820
3014,GB109055041840
3014,GB109055041850
3014,GB109055041860
3014,GB109055041930
3014,GB109055041940
3014,GB109055041950
3014,GB109055042000
3014,GB109055042030
3014,GB109055042060
3075,GB111067051600
3075,GB111067051930
3545,GB111067052090
3129,GB111067052120
3129,GB111067052140
3127,GB111067052150
3545,GB111067052200
3545,GB111067052230
3127,GB111067056930
3127,GB111067056960
3525,GB112068055160
3525,GB112068055180
3525,GB112068055190
3525,GB112068055200
3525,GB112068055210
3525,GB112068055220
3525,GB112068055230
3525,GB112068055240
3525,GB112068055250
3525,GB112068055260
3525,GB112068055270
3525,GB112068055280
3525,GB112068055300
3525,GB112068055310
3525,GB112068055320
3525,GB112068055330
3525,GB112068055340
3120,GB112068055360
3120,GB112068055370
3120,GB112068055380
3120,GB112068055390
3120,GB112068055400
3120,GB112068055410
3120,GB112068055420
3120,GB112068055430
3525,GB112068055440
3525,GB112068055451
3120,GB112068055460
3525,GB112068055470
3120,GB112068060180
3120,GB112068060190
3120,GB112068060200
3120,GB112068060210
3120,GB112068060220
3120,GB112068060230
3120,GB112068060240
3205,GB112068060250
3205,GB112068060260
3540,GB112068060270
3205,GB112068060280
3205,GB112068060290
3205,GB112068060300
3205,GB112068060320
3205,GB112068060330
3540,GB112068060350
3524,GB112068060360
3524,GB112068060370
3524,GB112068060380
3524,GB112068060390
3524,GB112068060400
3524,GB112068060410
3524,GB112068060420
3524,GB112068060430
3525,GB112068060440
3525,GB112068060450
3525,GB112068060460
3120,GB112068060470
3524,GB112068060480
3524,GB112068060500
3524,GB112068060510
3524,GB112068060520
3540,GB112068060530
3525,GB112068060540
3524,GB112068060550
3525,GB112068074630
3008,GB112069060580
3008,GB112069060600
3008,GB112069060610
3008,GB112069060630
3008,GB112069060640
3039,GB112069060650
3039,GB112069060660
3139,GB112069060680
3139,GB112069060690
3206,GB112069060700
3139,GB112069060710
3206,GB112069060720
3206,GB112069060730
3206,GB112069060731
3202,GB112069060760
3206,GB112069060770
3206,GB112069060780
3206,GB112069060790
3206,GB112069060800
3202,GB112069060810
3202,GB112069060820
3116,GB112069060840
3206,GB112069060850
3206,GB112069060860
3206,GB112069060870
3206,GB112069060880
3039,GB112069060900
3206,GB112069060910
3039,GB112069060920
3039,GB112069060940
3206,GB112069060950
3206,GB112069060960
3206,GB112069060970
3039,GB112069060980
3391,GB112069060990
3206,GB112069061000
3039,GB112069061011
3202,GB112069061012
3202,GB112069061020
3039,GB112069061030
3039,GB112069061040
3206,GB112069061050
3039,GB112069061060
3202,GB112069061090
3202,GB112069061100
3206,GB112069061111
3206,GB112069061112
3382,GB112069061120
3382,GB112069061131
3382,GB112069061151
3382,GB112069061152
3382,GB112069061161
3391,GB112069061170
3391,GB112069061180
3391,GB112069061200
3391,GB112069061210
3391,GB112069061220
3391,GB112069061230
3391,GB112069061240
3382,GB112069061250
3039,GB112069061260
3039,GB112069061270
3206,GB112069061280
3206,GB112069061300
3039,GB112069061320
3039,GB112069061330
3039,GB112069061340
3039,GB112069061350
3039,GB112069061360
3039,GB112069061370
3039,GB112069061381
3039,GB112069061382
3139,GB112069061390
3039,GB112069061410
3202,GB112069061420
3116,GB112069061430
3008,GB112069061441
3008,GB112069061442
3116,GB112069061451
3116,GB112069061452
3008,GB112069064500
3008,GB112069064510
3202,GB112069064520
3116,GB112069064530
3116,GB112069064540
3116,GB112069064550
3116,GB112069064560
3116,GB112069064570
3116,GB112069064580
3382,GB112069064600
3116,GB112069064610
3116,GB112069064620
3116,GB112069064641
3116,GB112069064650
3116,GB112069064660
3116,GB112069064670
3116,GB112069064680
3382,GB112069064690
3382,GB112069064710
3382,GB112069064720
3382,GB112069064730
3206,GB112069064741
3141,GB112070061600
3141,GB112070061610
3141,GB112070064780
3141,GB112070064790
3141,GB112070064800
3141,GB112070064810
3141,GB112070064820
3117,GB112070064830
3141,GB112070064850
3554,GB112070064861
3117,GB112070064880
3141,GB112070064900
3554,GB112070064911
3554,GB112070064912
3554,GB112070064920
3554,GB112070064951
3554,GB112070064952
3062,GB112071065040
3062,GB112071065050
3062,GB112071065060
3062,GB112071065070
3062,GB112071065080
3062,GB112071065090
3062,GB112071065100
3062,GB112071065110
3062,GB112071065120
3099,GB112071065130
3062,GB112071065140
3099,GB112071065150
3099,GB112071065160
3099,GB112071065170
3099,GB112071065180
3099,GB112071065190
3099,GB112071065200
3099,GB112071065210
3099,GB112071065220
3099,GB112071065230
3124,GB112071065240
3124,GB112071065250
3124,GB112071065260
3124,GB112071065270
3124,GB112071065280
3124,GB112071065290
3124,GB112071065300
3124,GB112071065310
3223,GB112071065320
3223,GB112071065330
3223,GB112071065340
3223,GB112071065350
3223,GB112071065360
3223,GB112071065370
3223,GB112071065380
3223,GB112071065390
3223,GB112071065400
3223,GB112071065410
3223,GB112071065420
3223,GB112071065430
3223,GB112071065440
3392,GB112071065460
3392,GB112071065470
3062,GB112071065490
3033,GB112071065500
3316,GB112071065510
3316,GB112071065520
3316,GB112071065530
3316,GB112071065540
3316,GB112071065550
3223,GB112071065560
3316,GB112071065570
3316,GB112071065580
3316,GB112071065590
3316,GB112071065600
3316,GB112071065612
3316,GB112071065613
3316,GB112071065614
3254,GB112071065630
3254,GB112071065640
3392,GB112071065650
3392,GB112071065651
3392,GB112071065670
3392,GB112071065680
3254,GB112071065690
3033,GB112071065700
3033,GB112071065710
3254,GB112071071570
3254,GB112071071580
3254,GB112071071590
3254,GB112071071600
3051,GB112072065760
3188,GB112072065770
3051,GB112072065790
3051,GB112072065800
3051,GB112072065810
3552,GB112072065821
3552,GB112072065822
3363,GB112072065850
3363,GB112072065860
3363,GB112072065880
3363,GB112072065900
3363,GB112072065950
3290,GB112072065960
3290,GB112072065980
3526,GB112072065990
3290,GB112072066000
3526,GB112072066020
3526,GB112072066030
3526,GB112072066050
3526,GB112072066060
3526,GB112072066070
3526,GB112072066090
3526,GB112072066100
3188,GB112072066110
3188,GB112072066120
3188,GB112072066160
3552,GB112072066220
3552,GB112072066230
3552,GB112072066240
3552,GB112072066250
3209,GB112072071610
3290,GB112072071620
3209,GB112072071630
3290,GB112072071640
3209,GB112072071650
3209,GB112072071660
3209,GB112072071670
3209,GB112072071680
3290,GB112072071690
3290,GB112072071700
3209,GB112072071710
3291,GB112072071720
3291,GB112072071730
3291,GB112072071740
3291,GB112072071760
3291,GB112072071770
3291,GB112072071780
3291,GB112072071790
3291,GB112072071800
3291,GB112072071810
3209,GB112072071820
3209,GB112072071830
3526,GB112072071840
3240,GB112073064430
3243,GB112073071032
3243,GB112073071040
3029,GB112073071050
3029,GB112073071070
3029,GB112073071080
3029,GB112073071090
3029,GB112073071100
3251,GB112073071110
3251,GB112073071120
3251,GB112073071130
3251,GB112073071140
3251,GB112073071150
3251,GB112073071160
3251,GB112073071170
3111,GB112073071190
3111,GB112073071200
3111,GB112073071210
3240,GB112073071240
3240,GB112073071250
3251,GB112073071270
3111,GB112073071280
3243,GB112073071290
3251,GB112073071310
3251,GB112073071320
3243,GB112073071330
3243,GB112073071340
3243,GB112073071350
3251,GB112073071360
3243,GB112073071370
3243,GB112073071380
3243,GB112073071390
3251,GB112073071400
3243,GB112073071410
3251,GB112073071420
3243,GB112073071430
3243,GB112073071440
3251,GB112073071450
3243,GB112073071460
3243,GB112073074640
3231,GB112074069720
3167,GB112074069730
3167,GB112074069731
3167,GB112074069740
3167,GB112074069750
3145,GB112074069790
3145,GB112074069830
3145,GB112074069850
3145,GB112074069880
3231,GB112074069900
3145,GB112074069910
3145,GB112074069920
3231,GB112074069930
3145,GB112074069940
3231,GB112074069950
3231,GB112074069960
3167,GB112074069970
3167,GB112074069980
3167,GB112074069990
3167,GB112074070000
3167,GB112074070010
3167,GB112074070020
3167,GB112074070030
3167,GB112074070040
3231,GB112074070070
3231,GB112074070080
3231,GB112074070090
3231,GB112074070100
3145,GB112074070130
3132,GB112075070330
3132,GB112075070340
3095,GB112075070350
3095,GB112075070360
3095,GB112075070370
3095,GB112075070380
3095,GB112075070390
3095,GB112075070400
3132,GB112075070410
3132,GB112075070420
3132,GB112075070430
3132,GB112075070440
3132,GB112075070450
3132,GB112075070460
3132,GB112075070470
3132,GB112075070490
3132,GB112075070500
3132,GB112075070520
3132,GB112075070530
3132,GB112075070540
3132,GB112075070550
3132,GB112075073561
3132,GB112075073562
3132,GB112075073570
3132,GB112075073580
3168,GB112075073600
3168,GB112075073620
3168,GB112075073630
3168,GB112075073640
3168,GB112075073650
3168,GB112075073660
3168,GB112075073670
3413,GB205030051515
3156,GB205030056405
3156,GB205030056465
3288,GB205030062425
3288,GB205030062426
3286,GB205031050595
3286,GB205031050685
3286,GB205031050705
3286,GB205031050755
3286,GB205031055495
3286,GB205031055525
3286,GB205031055535
3413,GB205031055545
3278,GB205032050385
3278,GB205032050395
3278,GB205032050405
3347,GB205033000010
3347,GB205033000020
3347,GB205033000030
3414,GB205033000040
3313,GB205033000050
3347,GB205033000060
3414,GB205033000070
3414,GB205033043375
3336,GB205033047665
3165,GB30228429
3178,GB30228476
3165,GB30228559
3155,GB30228955
3155,GB30229073
3155,GB30229083
3155,GB30229116
3155,GB30229125
3155,GB30229129
3155,GB30229146
3030,GB30326917
3107,GB30327556
3372,GB30327568
3515,GB30327677
3334,GB30327698
3515,GB30327880
3366,GB30327908
3333,GB30327960
3333,GB30327976
3333,GB30327979
3036,GB30328075
3417,GB30328165
3417,GB30328172
3480,GB30328202
3417,GB30328220
3480,GB30328222
3480,GB30328225
3480,GB30328236
3478,GB30328314
3418,GB30328395
3136,GB30328504
3136,GB30328519
3520,GB30328629
3136,GB30328671
3136,GB30328674
3520,GB30328686
3523,GB30328696
3523,GB30328720
3523,GB30328742
3520,GB30328743
3520,GB30328751
3406,GB30328825
3445,GB30328850
3448,GB30328860
3522,GB30328862
3448,GB30328976
3448,GB30328995
3448,GB30329011
3388,GB30329022
3448,GB30329025
3448,GB30329027
3388,GB30329099
3406,GB30329148
3036,GB30347025
3334,GB30347036
3390,GB30429122
3283,GB30429296
3505,GB30429479
3283,GB30429545
3309,GB30429612
3309,GB30429634
3497,GB30429639
3497,GB30429658
3309,GB30429697
3309,GB30429769
3497,GB30429770
3484,GB30429844
3507,GB30429866
3318,GB30429990
3318,GB30430012
3318,GB30430033
3318,GB30430068
3308,GB30430079
3484,GB30430081
3318,GB30430091
3308,GB30430099
3308,GB30430102
3318,GB30430124
3025,GB30430244
3318,GB30430323
3307,GB30430357
3307,GB30430370
3307,GB30430372
3318,GB30430374
3307,GB30430435
3307,GB30430471
3307,GB30430489
3307,GB30430504
3487,GB30430563
3307,GB30430571
3487,GB30430575
3487,GB30430594
3307,GB30430596
3307,GB30430598
3487,GB30430604
3310,GB30430621
3487,GB30430632
3487,GB30430633
3310,GB30430651
3310,GB30430670
3310,GB30430680
3310,GB30430694
3271,GB30430722
3310,GB30430735
3265,GB30430809
3268,GB30430917
3310,GB30430996
3487,GB30430999
3487,GB30431070
3487,GB30431071
3487,GB30431104
3310,GB30431150
3310,GB30431153
3310,GB30431169
3310,GB30431243
3310,GB30431247
3310,GB30431248
3310,GB30431297
3097,GB30431382
3097,GB30431455
3097,GB30431517
3097,GB30431565
3097,GB30431609
3097,GB30431667
3097,GB30431685
3097,GB30431693
3490,GB30431725
3097,GB30431731
3490,GB30431740
3097,GB30431771
3097,GB30431796
3490,GB30431800
3012,GB30431809
3097,GB30431821
3490,GB30431848
3490,GB30431864
3490,GB30431876
3490,GB30431968
3490,GB30431994
3312,GB30432002
3490,GB30432034
3490,GB30432078
3338,GB30432209
3490,GB30432223
3229,GB30432240
3137,GB30432299
3490,GB30432352
3137,GB30432359
3490,GB30432388
3490,GB30432418
3137,GB30432459
3490,GB30432568
3490,GB30432627
3229,GB30433056
3229,GB30433100
3385,GB30433178
3229,GB30433316
3135,GB30433781
3080,GB30433784
3080,GB30433790
3229,GB30433908
3174,GB30434381
3341,GB30434401
3134,GB30434709
3341,GB30434977
3341,GB30434995
3341,GB30435028
3174,GB30435060
3174,GB30435122
3420,GB30435238
3143,GB30435310
3035,GB30435478
3474,GB30435548
3474,GB30435554
3474,GB30435572
3407,GB30435928
3407,GB30436069
3407,GB30436108
3407,GB30436331
3356,GB30436396
3471,GB30436433
3437,GB30436523
3407,GB30436536
3437,GB30437109
3396,GB30437497
3437,GB30437758
3499,GB30447001
3144,GB30447006
3229,GB30447020
3422,GB30533132
3508,GB30533426
3288,GB30533852
3054,GB30535397
3054,GB30535640
3054,GB30535645
3054,GB30535655
3054,GB30535738
3054,GB30535953
3054,GB30535959
3054,GB30535977
3054,GB30536029
3054,GB30536050
3054,GB30536202
3527,GB30536219
3286,GB30536344
3286,GB30536422
3506,GB30536479
3553,GB30536730
3553,GB30536975
3518,GB30536980
3518,GB30536989
3506,GB30537182
3542,GB30537306
3256,GB30537461
3315,GB30537913
3042,GB30538132
3414,GB30538167
3042,GB30538199
3042,GB30538230
3273,GB30538310
3269,GB30538633
3028,GB30538826
3424,GB30539264
3028,GB30539450
3028,GB30539554
3424,GB30539601
3491,GB30539699
3098,GB30539944
3098,GB30540418
3077,GB30541427
3054,GB30547009
3054,GB30547010
3054,GB30547011
3054,GB30547012
3527,GB30547028
3079,GB30639472
3181,GB30640488
3181,GB30640514
3539,GB30641011
3275,GB30641193
3275,GB30641198
3275,GB30641274
3275,GB30641313
3275,GB30641523
3504,GB30641559
3275,GB30641659
3044,GB30641690
3044,GB30641796
3275,GB30641865
3275,GB30641884
3275,GB30641900
3096,GB30641907
3275,GB30641922
3275,GB30641924
3275,GB30641939
3275,GB30641956
3275,GB30641975
3504,GB30642155
3096,GB30642334
3412,GB30642393
3276,GB30642407
3096,GB30642417
3276,GB30642424
3285,GB30642430
3096,GB30642488
3096,GB30642489
3096,GB30642490
3096,GB30642525
3096,GB30642538
3096,GB30642569
3242,GB30642611
3112,GB30642614
3242,GB30642622
3096,GB30642639
3536,GB30642691
3536,GB30642753
3285,GB30642757
3285,GB30642779
3285,GB30642791
3277,GB30642813
3277,GB30642841
3536,GB30642875
3261,GB30642945
3537,GB30642956
3242,GB30643001
3277,GB30643054
3276,GB30643117
3224,GB30643125
3242,GB30643126
3536,GB30643218
3261,GB30643315
3261,GB30643339
3536,GB30643359
3164,GB30643485
3164,GB30643602
3536,GB30643758
3536,GB30643943
3164,GB30644023
3536,GB30644031
3494,GB30644310
3495,GB30644358
3453,GB30644398
3536,GB30644464
3536,GB30644482
3536,GB30644576
3275,GB30647003
3285,GB30647022
3031,GB30647024
3282,GB30743087
3282,GB30743097
3282,GB30743127
3282,GB30743156
3282,GB30743164
3486,GB30744067
3485,GB30744422
3237,GB30744431
3486,GB30744522
3498,GB30744533
3486,GB30744545
3486,GB30744588
3384,GB30744738
3384,GB30744935
3386,GB30744955
3384,GB30745009
3043,GB30745011
3384,GB30745015
3043,GB30745035
3043,GB30745055
3384,GB30745060
3384,GB30745061
3384,GB30745064
3533,GB30745108
3488,GB30745429
3157,GB30745606
3326,GB30745652
3326,GB30745790
3441,GB30843764
3441,GB30843794
3530,GB30843867
3183,GB30843906
3441,GB30843922
3353,GB30844158
3353,GB30844261
3353,GB30844267
3183,GB30844471
3466,GB30844473
3468,GB30844781
3468,GB30844798
3468,GB30844801
3468,GB30845010
3216,GB30845095
3466,GB30845115
3466,GB30845117
3353,GB30845143
3405,GB30845271
3436,GB30845277
3353,GB30845316
3436,GB30845324
3216,GB30845377
3216,GB30845412
3216,GB30845427
3216,GB30845428
3216,GB30845441
3216,GB30845446
3216,GB30845598
3216,GB30845729
3468,GB30845945
3528,GB30846102
3451,GB30846114
3451,GB30846123
3405,GB30846129
3065,GB30846131
3451,GB30846138
3451,GB30846161
3192,GB30846225
3451,GB30846229
3192,GB30846232
3192,GB30846262
3123,GB30846264
3364,GB30846279
3175,GB30846284
3022,GB30846291
3175,GB30846305
3192,GB30846317
3123,GB30846472
3184,GB30846501
3221,GB30846509
3184,GB30846516
3184,GB30846526
3357,GB30846547
3094,GB30846556
3464,GB30847000
3216,GB30847016
3216,GB30847017
3466,GB30847044
3359,GB30934859
3359,GB30935079
3359,GB30935091
3359,GB30935211
3359,GB30935212
3321,GB30935570
3359,GB30935620
3359,GB30935724
3370,GB30936544
3370,GB30936566
3370,GB30936578
3455,GB30936624
3404,GB30936634
3370,GB30936881
3502,GB30937599
3401,GB30937631
3020,GB30937864
3021,GB30937926
3401,GB30937959
3020,GB30938250
3389,GB30938586
3078,GB30940411
3189,GB30940714
3194,GB30940946
3045,GB30942598
3045,GB30942798
3045,GB30943096
3332,GB30943135
3053,GB30943348
3053,GB30943528
3401,GB30947023
3168,GB31228796
3168,GB31228806
3132,GB31228847
3132,GB31228873
3132,GB31228965
3095,GB31228986
3095,GB31229000
3132,GB31229021
3095,GB31229052
3167,GB31229062
3132,GB31229097
3231,GB31229153
3231,GB31229183
3251,GB31229184
3167,GB31229203
3231,GB31229215
3251,GB31229222
3251,GB31229231
3243,GB31229254
3251,GB31229270
3111,GB31229275
3111,GB31229285
3111,GB31229321
3251,GB31229323
3251,GB31229328
3251,GB31229334
3231,GB31229338
3243,GB31229353
3243,GB31229371
3243,GB31229388
3251,GB31229419
3029,GB31229430
3243,GB31229488
3145,GB31229599
3251,GB31229607
3145,GB31229615
3243,GB31229647
3363,GB31229988
3552,GB31230025
3223,GB31230030
3552,GB31230199
3552,GB31230203
3552,GB31230222
3099,GB31230377
3099,GB31230390
3099,GB31230422
3099,GB31230431
3062,GB31230459
3099,GB31230515
3392,GB31230519
3033,GB31230522
3099,GB31230523
3033,GB31230531
3099,GB31230533
3062,GB31230585
3062,GB31230590
3062,GB31230591
3062,GB31230600
3062,GB31230625
3062,GB31230663
3116,GB31230769
3062,GB31230812
3062,GB31230833
3116,GB31230858
3124,GB31230883
3124,GB31230893
3124,GB31230958
3116,GB31231013
3116,GB31231025
3116,GB31231027
3554,GB31231033
3554,GB31231036
3124,GB31231039
3554,GB31231042
3124,GB31231043
3116,GB31231115
3116,GB31231130
3382,GB31231141
3382,GB31231164
3382,GB31231168
3141,GB31231190
3116,GB31231200
3116,GB31231202
3382,GB31231212
3382,GB31231229
3141,GB31231232
3382,GB31231250
3382,GB31231260
3116,GB31231264
3141,GB31231266
3382,GB31231267
3141,GB31231288
3116,GB31231306
3116,GB31231312
3116,GB31231314
3382,GB31231367
3382,GB31231393
3382,GB31231398
3382,GB31231399
3206,GB31231404
3382,GB31231405
3382,GB31231435
3206,GB31231454
3141,GB31231476
3206,GB31231482
3141,GB31231496
3206,GB31231508
3206,GB31231531
3206,GB31231778
3206,GB31231791
3206,GB31231829
3206,GB31231942
3206,GB31232065
3206,GB31232066
3202,GB31232085
3206,GB31232094
3206,GB31232108
3206,GB31232111
3206,GB31232112
3206,GB31232136
3206,GB31232150
3206,GB31232166
3039,GB31232183
3206,GB31232242
3206,GB31232245
3206,GB31232499
3039,GB31232650
3524,GB31232665
3039,GB31232729
3039,GB31232744
3039,GB31232787
3206,GB31232793
3039,GB31232804
3039,GB31232895
3039,GB31232898
3206,GB31232950
3524,GB31232960
3206,GB31233043
3039,GB31233063
3524,GB31233210
3039,GB31233236
3039,GB31233243
3039,GB31233247
3039,GB31233250
3205,GB31233310
3524,GB31233344
3524,GB31233474
3525,GB31234162
3525,GB31234260
3525,GB31234328
3525,GB31234330
3525,GB31234438
3525,GB31234441
3525,GB31234480
3525,GB31234545
3039,GB31247004
3039,GB31247005
3251,GB31247007
3251,GB31247008
3525,GB31247019
3363,GB31247021
3168,GB31247026
3525,GB31247027
1079,GB40201G100400
1030,GB40202G100900
1078,GB40202G102300
1236,GB40202G700100
1229,GB40301G702000
1267,GB40301G703900
1187,GB40301G704000
1148,GB40302G700200
1227,GB40302G700300
1228,GB40302G701300
1245,GB40302G701500
1266,GB40302G701600
1244,GB40302G702700
1237,GB40302G703700
1149,GB40302G703800
1056,GB40401G103100
1203,GB40401G300200
1204,GB40401G300500
1102,GB40401G300600
1224,GB40401G301000
1225,GB40401G301200
1126,GB40401G301400
1103,GB40401G301500
1071,GB40401G301600
1124,GB40401G301800
1067,GB40401G301900
1070,GB40401G302000
1221,GB40401G302700
1188,GB40401G302800
1057,GB40401G304200
1262,GB40401G305600
1096,GB40401G401500
1016,GB40401G444500
1097,GB40401G444600
1063,GB40401G700600
1101,GB40401G700700
1002,GB40401G700900
1003,GB40401G701000
1282,GB40401G701100
1064,GB40401G701200
1207,GB40401G701800
1210,GB40401G702100
1281,GB40401G702400
1061,GB40401G702500
1201,GB40402G300300
1202,GB40402G300400
1069,GB40402G303000
1125,GB40402G303200
1223,GB40402G303600
1200,GB40402G304600
1049,GB40402G444700
1095,GB40402G445800
1001,GB40402G700400
1280,GB40402G700500
1062,GB40402G700800
1208,GB40402G701400
1209,GB40402G701900
1059,GB40402G702200
1082,GB40402G702300
1077,GB40402G990200
1127,GB40402G990300
1058,GB40402G990400
1068,GB40402G990500
1189,GB40402G990600
1226,GB40402G990800
1104,GB40402G992200
1065,GB40402G992300
1222,GB40402G992400
1143,GB40501G400100
1144,GB40501G400200
1022,GB40501G400300
1145,GB40501G400400
1026,GB40501G400500
1265,GB40501G400600
1139,GB40501G400700
1206,GB40501G401600
1205,GB40501G401700
1086,GB40501G401800
1251,GB40501G402200
1248,GB40501G402300
1287,GB40501G444800
1015,GB40501G444900
1288,GB40501G445100
1272,GB40501G445300
1136,GB40501G445400
1146,GB40501G445500
1249,GB40501G445600
1027,GB40501G445700
1269,GB40501G445900
1271,GB40502G304000
1140,GB40502G400900
1250,GB40502G401300
1286,GB40502G401400
1135,GB40502G402400
1048,GB40502G445000
1270,GB40502G446000
1285,GB40503G000100
1083,GB40503G000400
1196,GB40601G401100
1142,GB40601G500300
1113,GB40601G500400
1113,GB40601G500500
1010,GB40601G501300
1141,GB40601G501700
1277,GB40601G501800
1024,GB40601G600400
1012,GB40601G600900
1259,GB40601G601000
1190,GB40601G601100
1044,GB40601G601200
1092,GB40601G601900
1158,GB40601G602000
1081,GB40601G602100
1081,GB40601G602200
1130,GB40601G602600
1255,GB40601G602900
1247,GB40601G603000
1219,GB40601G603100
1037,GB40601G604100
1098,GB40601G604300
1005,GB40601G604400
1195,GB40602G401000
1255,GB40602G401200
1141,GB40602G500200
1276,GB40602G501900
1242,GB40602G502300
1009,GB40602G600200
1038,GB40602G600300
1111,GB40602G600500
1181,GB40602G600600
1100,GB40602G600700
1013,GB40602G600800
1085,GB40602G601300
1039,GB40602G601400
1004,GB40602G601500
1233,GB40602G601600
1150,GB40602G601700
1080,GB40602G601800
1276,GB40602G602300
1242,GB40602G602400
1094,GB40602G602500
1243,GB40602G602700
1044,GB40602G602800
1025,GB40602G604200
1256,GB40603G000200
1044,GB40603G000300
1076,GB40701G500100
1171,GB40701G501100
1162,GB40701G501200
1112,GB40701G501400
1076,GB40701G501500
1121,GB40701G502400
1018,GB40701G502500
1122,GB40701G502600
1074,GB40701G502700
1109,GB40701G502800
1107,GB40701G502900
1008,GB40701G503100
1106,GB40701G503200
1115,GB40701G503400
1116,GB40701G504900
1160,GB40701G505000
1211,GB40701G505100
1036,GB40701G505200
1291,GB40701G505300
1006,GB40702G500600
1075,GB40702G500800
1034,GB40702G500900
1108,GB40702G501000
1076,GB40702G501600
1000,GB40702G502000
1099,GB40702G502100
1241,GB40702G502200
1194,GB40702G503000
1212,GB40702G503500
1197,GB40702G503700
1035,GB40702G503800
1114,GB40702G503900
1213,GB40702G504000
1279,GB40801G801200
1239,GB40801G801500
1155,GB40801G801700
1152,GB40801G801900
1050,GB40801G802000
1073,GB40801G802400
1014,GB40801G802500
1129,GB40801G802600
1253,GB40801G803100
1017,GB40801G803200
1294,GB40801G804000
1252,GB40801G804500
1151,GB40801G806300
1254,GB40801G806900
1023,GB40802G010000
1110,GB40802G081200
1274,GB40802G800100
1192,GB40802G800200
1138,GB40802G800300
1240,GB40802G800600
1231,GB40802G800700
1199,GB40802G800800
1084,GB40802G800900
1161,GB40802G801000
1153,GB40802G801600
1033,GB40802G801800
1118,GB40802G802700
1186,GB40802G802800
1163,GB40802G803000
1283,GB40802G803500
1072,GB40802G803700
1088,GB40802G804200
1089,GB40802G804300
1046,GB40802G804400
1087,GB40802G805400
1120,GB40802G805600
1119,GB40802G805800
1157,GB40802G805900
1238,GB40802G806400
1172,GB40802G806600
1220,GB40802G806700
1175,GB40901G202300
1180,GB40901G202700
1184,GB40901G300100
1263,GB40901G300700
1290,GB40901G300800
1178,GB40901G301100
1261,GB40901G304400
1177,GB40901G305700
1105,GB40901G305800
1134,GB40901G804600
1019,GB40901G804900
1011,GB40901G805500
1198,GB40901G806000
1028,GB40901G806200
1029,GB40901G806800
1179,GB40902G204900
1292,GB40902G205200
1173,GB40902G205400
1176,GB40902G205500
1260,GB40902G302200
1020,GB40902G302900
1007,GB40902G303100
1185,GB40902G303300
1183,GB40902G304100
1273,GB40902G804700
1021,GB40902G804800
1156,GB40902G805300
1047,GB40902G806100
1289,GB40902G927000
1264,GB40902G990900
1232,GB40902G991000
1182,GB40902G991800
1053,GB41101G202400
1284,GB41101G202600
1091,GB41201G100500
1132,GB41201G101100
1164,GB41201G101500
1123,GB41201G101700
1090,GB41201G101900
1275,GB41201G102000
1191,GB41201G103400
1165,GB41202G100100
1066,GB41202G100300
1147,GB41202G101800
1193,GB41202G102100
1128,GB41202G102700
1131,GB41202G102900
1159,GB41202G103000
1060,GB41202G103700
1278,GB41202G912700
1268,GB41202G991700
3158,GB510070073000
3529,GB510080077000
3476,GB510202110000
3106,GB510302203000
3037,GB510302203200
3007,GB510302203300
3516,GB510302210100
3479,GB510302310200
3521,GB510302402900
3446,GB510302509900
3179,GB510402703400
3329,GB510503403500
3328,GB510503410700
3428,GB510503503700
3529,GB510804415700
3023,GB510804505400
3348,GB510804505500
3182,GB510804505600
3452,GB510804605800
3122,GB510804605900
3019,GB510804606000
3176,GB510804606100
3193,GB510804806400
3329,GB520503403600
3428,GB520503503800
3428,GB520503503900
3180,GB520503613601
3180,GB520503613602
3180,GB520503704100
3180,GB520503713800
3180,GB520503714000
3159,GB520704004700
3293,GB520704201400
3293,GB520704202100
3419,GB520704202800
3236,GB520710101600
3236,GB520710101700
3236,GB520710101800
3236,GB520710101900
3236,GB520710102000
3217,GB520804315900
3368,GB520804415800
3244,GB520804609000
3556,GB520804706200
3434,GB520804714300
3262,GB520804806300
3222,GB520804809100
3072,GB520804814400
3411,GB530207614700
3228,GB530402609201
3228,GB530402609202
3228,GB530402609203
3463,GB530503000100
3463,GB530503016300
3463,GB530503100400
3463,GB530503200200
3208,GB530503300300
3517,GB530503311300
3465,GB530603911401
3465,GB530603911402
3465,GB530603911403
3304,GB530604002300
3304,GB530604011500
3066,GB530804906600
3220,GB530804906700
3400,GB530905415402
3400,GB530905415403
3047,GB530905415405
3306,GB531206908100
3009,GB531206908300
3378,GB531207112400
3322,GB531207212100
3322,GB531207212200
3322,GB531207311900
3322,GB531207312000
3232,GB531207408400
3322,GB531207411800
3133,GB531207508700
3169,GB531207508800
3161,GB540704016100
3270,GB540704104800
3279,GB540704104900
3267,GB540704105000
3264,GB540704116000
3195,GB540804906500
3442,GB540805015500
3354,GB540805210900
3228,GB560402916600
3228,GB560402916700
3228,GB560402917500
3517,GB560503316700
3465,GB560504016800
3304,GB560604017400
3465,GB560604017600
3465,GB560604017700
3465,GB560604017900
3535,GB560704117300
3219,GB560704217200
3236,GB560710116900
3236,GB560710117000
3535,GB570704700000
3158,GB580705130000
3158,GB580705140000
3535,GB580705210000
3428,GB610050071000
3428,GB610050076000
3428,GB610050081000
3329,GB610050082000
3161,GB610070072000
3535,GB610070074000
3219,GB610070075000
3247,GB610807680001
3108,GB610807680002
3026,GB610807680003
3050,GB610807680004
3289,GB610878040000
3186,GB620301100000
3368,GB620705550000
3421,GB620806110001
3138,GB620806110002
3365,GB620806110003
3529,GB620806560000
3109,GB620806570000
3393,GB620807080000
3557,GB640402491000
3255,GB640402492000
3329,GB640503300000
3463,GB640523160000
3465,GB640603690000
3159,GB640604290000
3159,GB640604640000
3159,GB640704540001
3161,GB640704540002
3429,GB640704540003
3531,GB640807670000
3322,GB641211171000
3322,GB641211172000
3337,GB641211630001
3337,GB641211630002
3337,GB641211630003
3339,GB650301440000
3340,GB650301500001
3477,GB650301500002
3446,GB650301500005
3215,GB650301600000
3179,GB650401500004
3180,GB650503190000
3180,GB650503200000
3180,GB650503520001
3428,GB650503520002
3328,GB650503520003
3159,GB650704510000
3409,GB650705150000
3236,GB650705530000
3434,GB650806230000
3072,GB650806250000
3185,GB650806330000
3358,GB650806340000
3292,GB650806420000
3354,GB670807410000
3225,GB680301430000
3180,GB680503713700
3529,GB680805070000
3529,GB680805270000
3467,GB680806320000
3244,GB680806460000
2027,GB70410003
2027,GB70410028
2027,GB70410031
2018,GB70410051
2016,GB70410053
2018,GB70410054
2018,GB70410066
2019,GB70410071
2018,GB70410073
2047,GB70410110
2051,GB70410120
2041,GB70410139
2064,GB70410142
2060,GB70410156
2060,GB70410171
2019,GB70410174
2007,GB70410176
2054,GB70410194
2001,GB70410204
2002,GB70410212
2064,GB70410222
2009,GB70410223
2009,GB70410224
2009,GB70410226
2031,GB70410230
2031,GB70410231
2007,GB70410243
2007,GB70410244
2064,GB70410248
2065,GB70410250
2043,GB70410256
2043,GB70410258
2043,GB70410265
2043,GB70410266
2007,GB70410269
2018,GB70410274
2018,GB70410276
2018,GB70410278
2018,GB70410281
2045,GB70410502
2060,GB70410508
2060,GB70410512
2059,GB70410514
2059,GB70410515
2060,GB70410516
2007,GB70410520
2007,GB70410521
2055,GB70410523
2028,GB70410526
2028,GB70410527
2007,GB70410532
2060,GB70410533
2002,GB70410534
2059,GB70410536
2060,GB70410537
2060,GB70410541
2024,GB70510191
2024,GB70510192
2067,GB70510193
2067,GB70510251
2068,GB70510522
2068,GB70510528
2068,GB70510529
2032,GB70610019
2004,GB70610078
2030,GB70610180
2030,GB70610181
2010,GB70610182
2063,GB70610183
2010,GB70610184
2010,GB70610185
2008,GB70610197
2008,GB70610198
2010,GB70610252
2033,GB70610510
2008,GB70610542
2071,GB70710002
2046,GB70710007
2029,GB70710008
2066,GB70710020
2066,GB70710021
2066,GB70710022
2042,GB70810010
2025,GB70810014
2020,GB70810015
2006,GB70810016
2042,GB70810069
2026,GB70810179
2049,GB70910034
2052,GB70910059
2021,GB70910060
2005,GB70910061
2000,GB70910074
2044,GB70910082
2005,GB70910178
2000,GB70910195
2000,GB70910196
2000,GB70910203
2000,GB70910205
2000,GB70910206
2053,GB70910207
2057,GB70910260
2056,GB70910505
2053,GB70910507
2021,GB70910509
2000,GB70910511
2000,GB70910513
2044,GB70910518
2057,GB70910519
2021,GB70910525
2021,GB70910526
2057,GB70910535
2039,GB70910540
2005,GB70910601
2035,GB71210001
2035,GB71210004
2013,GB71210050
2050,GB71210055
2013,GB71210083
2050,GB71210088
2070,GB71210133
2023,GB71210219
2013,GB71210228
2013,GB71210229
2013,GB71210232
2022,GB71210233
2014,GB71210234
2003,GB71210242
2014,GB71210247
2023,GB71210268
2012,GB71210501
2012,GB71210502
2048,GB71210517
2069,GB71210545
2015,GB803100075
2015,GB803100078
2009,GB804100015
2036,GB804100054
2055,GB804100301
2028,GB804100589
2008,GB806100002
2004,GB806100092
2011,GB806100095
2010,GB806100096
2011,GB806100108
2011,GB806100109
2033,GB806100111
2034,GB806100325
2017,GB808100008
2061,GB808100106
2061,GB808100107
2000,GB809100317
2014,GB812100007
2014,GB812100014
2014,GB812100016
2013,GB812100059
2048,GB812100090
